"Longitude (x)","Latitude (y)","Station Name","Climate ID","Date/Time (LST)","Year","Month","Day","Time (LST)","Temp (°C)","Temp Flag","Dew Point Temp (°C)","Dew Point Temp Flag","Rel Hum (%)","Rel Hum Flag","Precip. Amount (mm)","Precip. Amount Flag","Wind Dir (10s deg)","Wind Dir Flag","Wind Spd (km/h)","Wind Spd Flag","Visibility (km)","Visibility Flag","Stn Press (kPa)","Stn Press Flag","Hmdx","Hmdx Flag","Wind Chill","Wind Chill Flag","Weather"
"-114.78","55.29","SLAVE LAKE","3065995","2023-06-01 00:00","2023","06","01","00:00","12.9","","10.8","","87","","0.0","","29","","9","","16.1","","94.37","","","","","","NA"
"-114.78","55.29","SLAVE LAKE","3065995","2023-06-01 01:00","2023","06","01","01:00","11.9","","10.5","","91","","0.0","","27","","8","","16.1","","94.44","","","","","","NA"
"-114.78","55.29","SLAVE LAKE","3065995","2023-06-01 02:00","2023","06","01","02:00","12.0","","9.8","","86","","0.0","","25","","13","","16.1","","94.50","","","","","","NA"
"-114.78","55.29","SLAVE LAKE","3065995","2023-06-01 03:00","2023","06","01","03:00","11.3","","8.9","","85","","0.0","","25","","9","","16.1","","94.53","","","","","","NA"
"-114.78","55.29","SLAVE LAKE","3065995","2023-06-01 04:00","2023","06","01","04:00","11.4","","9.3","","87","","0.0","","26","","17","","16.1","","94.56","","","","","","NA"
"-114.78","55.29","SLAVE LAKE","3065995","2023-06-01 05:00","2023","06","01","05:00","11.0","","8.3","","83","","0.0","","26","","17","","16.1","","94.64","","","","","","NA"
"-114.78","55.29","SLAVE LAKE","3065995","2023-06-01 06:00","2023","06","01","06:00","11.2","","7.3","","77","","0.0","","27","","22","","16.1","","94.71","","","","","","NA"
"-114.78","55.29","SLAVE LAKE","3065995","2023-06-01 07:00","2023","06","01","07:00","12.7","","4.4","","57","","0.0","","28","","22","","16.1","","94.78","","","","","","NA"
"-114.78","55.29","SLAVE LAKE","3065995","2023-06-01 08:00","2023","06","01","08:00","12.6","","5.7","","63","","0.0","","27","","17","","16.1","","94.80","","","","","","NA"
"-114.78","55.29","SLAVE LAKE","3065995","2023-06-01 09:00","2023","06","01","09:00","14.0","","4.7","","53","","0.0","","29","","17","","16.1","","94.83","","","","","","NA"
"-114.78","55.29","SLAVE LAKE","3065995","2023-06-01 10:00","2023","06","01","10:00","14.6","","5.4","","54","","0.0","","30","","15","","16.1","","94.88","","","","","","NA"
"-114.78","55.29","SLAVE LAKE","3065995","2023-06-01 11:00","2023","06","01","11:00","15.3","","6.9","","57","","0.0","","31","","15","","16.1","","94.88","","","","","","NA"
"-114.78","55.29","SLAVE LAKE","3065995","2023-06-01 12:00","2023","06","01","12:00","16.3","","6.4","","52","","0.0","","30","","15","","16.1","","94.87","","","","","","NA"
"-114.78","55.29","SLAVE LAKE","3065995","2023-06-01 13:00","2023","06","01","13:00","16.2","","6.8","","53","","0.0","","30","","11","","16.1","","94.85","","","","","","NA"
"-114.78","55.29","SLAVE LAKE","3065995","2023-06-01 14:00","2023","06","01","14:00","17.0","","5.0","","45","","0.0","","31","","9","","16.1","","94.85","","","","","","NA"
"-114.78","55.29","SLAVE LAKE","3065995","2023-06-01 15:00","2023","06","01","15:00","17.6","","8.5","","55","","0.0","","34","","9","","16.1","","94.84","","","","","","NA"
"-114.78","55.29","SLAVE LAKE","3065995","2023-06-01 16:00","2023","06","01","16:00","17.3","","8.4","","55","","0.0","","34","","11","","16.1","","94.83","","","","","","NA"
"-114.78","55.29","SLAVE LAKE","3065995","2023-06-01 17:00","2023","06","01","17:00","18.2","","6.1","","45","","0.0","","31","","9","","16.1","","94.81","","","","","","NA"
"-114.78","55.29","SLAVE LAKE","3065995","2023-06-01 18:00","2023","06","01","18:00","16.3","","7.9","","57","","0.0","","31","","8","","16.1","","94.81","","","","","","NA"
"-114.78","55.29","SLAVE LAKE","3065995","2023-06-01 19:00","2023","06","01","19:00","16.4","","6.7","","53","","0.0","","31","","9","","16.1","","94.81","","","","","","NA"
"-114.78","55.29","SLAVE LAKE","3065995","2023-06-01 20:00","2023","06","01","20:00","15.9","","9.4","","65","","0.0","","30","","11","","16.1","","94.85","","","","","","NA"
"-114.78","55.29","SLAVE LAKE","3065995","2023-06-01 21:00","2023","06","01","21:00","15.2","","7.6","","60","","0.0","","34","","8","","16.1","","94.84","","","","","","NA"
"-114.78","55.29","SLAVE LAKE","3065995","2023-06-01 22:00","2023","06","01","22:00","13.7","","8.8","","72","","0.0","","","","0","","16.1","","94.87","","","","","","NA"
"-114.78","55.29","SLAVE LAKE","3065995","2023-06-01 23:00","2023","06","01","23:00","12.8","","6.9","","67","","0.0","","23","","5","","16.1","","94.87","","","","","","NA"
"-114.78","55.29","SLAVE LAKE","3065995","2023-06-02 00:00","2023","06","02","00:00","12.5","","4.7","","59","","0.0","","26","","11","","16.1","","94.87","","","","","","NA"
"-114.78","55.29","SLAVE LAKE","3065995","2023-06-02 01:00","2023","06","02","01:00","12.0","","3.3","","55","","0.0","","25","","13","","16.1","","94.88","","","","","","NA"
"-114.78","55.29","SLAVE LAKE","3065995","2023-06-02 02:00","2023","06","02","02:00","11.5","","3.3","","57","","0.0","","25","","9","","16.1","","94.91","","","","","","NA"
"-114.78","55.29","SLAVE LAKE","3065995","2023-06-02 03:00","2023","06","02","03:00","12.1","","2.9","","53","","0.0","","25","","11","","16.1","","94.92","","","","","","NA"
"-114.78","55.29","SLAVE LAKE","3065995","2023-06-02 04:00","2023","06","02","04:00","11.6","","3.1","","56","","0.0","","26","","8","","16.1","","94.94","","","","","","NA"
"-114.78","55.29","SLAVE LAKE","3065995","2023-06-02 05:00","2023","06","02","05:00","11.6","","3.2","","56","","0.0","","25","","13","","16.1","","94.96","","","","","","NA"
"-114.78","55.29","SLAVE LAKE","3065995","2023-06-02 06:00","2023","06","02","06:00","12.6","","4.0","","56","","0.0","","27","","8","","16.1","","94.99","","","","","","NA"
"-114.78","55.29","SLAVE LAKE","3065995","2023-06-02 07:00","2023","06","02","07:00","12.4","","6.0","","65","","0.0","","29","","5","","16.1","","95.03","","","","","","NA"
"-114.78","55.29","SLAVE LAKE","3065995","2023-06-02 08:00","2023","06","02","08:00","14.0","","9.0","","72","","0.0","","30","","8","","16.1","","95.08","","","","","","NA"
"-114.78","55.29","SLAVE LAKE","3065995","2023-06-02 09:00","2023","06","02","09:00","13.9","","9.9","","77","","0.0","","31","","9","","16.1","","95.08","","","","","","NA"
"-114.78","55.29","SLAVE LAKE","3065995","2023-06-02 10:00","2023","06","02","10:00","14.8","","9.4","","70","","0.0","","34","","9","","16.1","","95.08","","","","","","NA"
"-114.78","55.29","SLAVE LAKE","3065995","2023-06-02 11:00","2023","06","02","11:00","15.3","","9.8","","69","","0.0","","32","","8","","16.1","","95.07","","","","","","NA"
"-114.78","55.29","SLAVE LAKE","3065995","2023-06-02 12:00","2023","06","02","12:00","16.9","","6.8","","51","","0.0","","33","","9","","16.1","","95.04","","","","","","NA"
"-114.78","55.29","SLAVE LAKE","3065995","2023-06-02 13:00","2023","06","02","13:00","18.2","","8.7","","54","","0.0","","32","","11","","16.1","","95.02","","","","","","NA"
"-114.78","55.29","SLAVE LAKE","3065995","2023-06-02 14:00","2023","06","02","14:00","18.3","","10.5","","60","","0.0","","30","","9","","16.1","","95.00","","","","","","NA"
"-114.78","55.29","SLAVE LAKE","3065995","2023-06-02 15:00","2023","06","02","15:00","18.3","","11.8","","66","","0.0","","31","","9","","16.1","","94.98","","","","","","NA"
"-114.78","55.29","SLAVE LAKE","3065995","2023-06-02 16:00","2023","06","02","16:00","19.8","","9.6","","51","","0.0","","30","","8","","16.1","","94.95","","","","","","NA"
"-114.78","55.29","SLAVE LAKE","3065995","2023-06-02 17:00","2023","06","02","17:00","19.5","","11.2","","58","","0.0","","33","","8","","16.1","","94.93","","","","","","NA"
"-114.78","55.29","SLAVE LAKE","3065995","2023-06-02 18:00","2023","06","02","18:00","20.4","","10.3","","52","","0.0","","35","","8","","16.1","","94.93","","","","","","NA"
"-114.78","55.29","SLAVE LAKE","3065995","2023-06-02 19:00","2023","06","02","19:00","21.7","","7.0","","38","","0.0","","","M","4","","16.1","","94.94","","","","","","NA"
"-114.78","55.29","SLAVE LAKE","3065995","2023-06-02 20:00","2023","06","02","20:00","21.7","","6.3","","36","","0.0","","12","","11","","16.1","","94.95","","","","","","NA"
"-114.78","55.29","SLAVE LAKE","3065995","2023-06-02 21:00","2023","06","02","21:00","19.0","","7.9","","48","","0.0","","12","","11","","16.1","","94.97","","","","","","NA"
"-114.78","55.29","SLAVE LAKE","3065995","2023-06-02 22:00","2023","06","02","22:00","15.4","","9.1","","66","","0.0","","18","","4","","11.3","","95.00","","","","","","NA"
"-114.78","55.29","SLAVE LAKE","3065995","2023-06-02 23:00","2023","06","02","23:00","14.5","","8.7","","68","","0.0","","13","","4","","16.1","","95.02","","","","","","NA"
"-114.78","55.29","SLAVE LAKE","3065995","2023-06-03 00:00","2023","06","03","00:00","13.2","","8.6","","73","","0.0","","12","","5","","16.1","","95.04","","","","","","NA"
"-114.78","55.29","SLAVE LAKE","3065995","2023-06-03 01:00","2023","06","03","01:00","12.4","","8.1","","75","","0.0","","7","","8","","16.1","","95.08","","","","","","NA"
"-114.78","55.29","SLAVE LAKE","3065995","2023-06-03 02:00","2023","06","03","02:00","12.0","","8.0","","77","","0.0","","11","","9","","12.9","","95.11","","","","","","NA"
"-114.78","55.29","SLAVE LAKE","3065995","2023-06-03 03:00","2023","06","03","03:00","11.3","","7.8","","79","","0.0","","12","","8","","12.9","","95.12","","","","","","NA"
"-114.78","55.29","SLAVE LAKE","3065995","2023-06-03 04:00","2023","06","03","04:00","10.4","","7.5","","82","","0.0","","12","","9","","9.7","","95.14","","","","","","Fog"
"-114.78","55.29","SLAVE LAKE","3065995","2023-06-03 05:00","2023","06","03","05:00","9.9","","7.5","","85","","0.0","","12","","11","","8.1","","95.18","","","","","","Fog"
"-114.78","55.29","SLAVE LAKE","3065995","2023-06-03 06:00","2023","06","03","06:00","11.5","","8.5","","81","","0.0","","11","","13","","6.4","","95.19","","","","","","Haze"
"-114.78","55.29","SLAVE LAKE","3065995","2023-06-03 07:00","2023","06","03","07:00","13.5","","9.5","","76","","0.0","","11","","13","","6.4","","95.20","","","","","","Haze"
"-114.78","55.29","SLAVE LAKE","3065995","2023-06-03 08:00","2023","06","03","08:00","15.6","","10.1","","69","","0.0","","9","","11","","6.4","","95.21","","","","","","Haze"
"-114.78","55.29","SLAVE LAKE","3065995","2023-06-03 09:00","2023","06","03","09:00","18.5","","11.5","","64","","0.0","","10","","11","","6.4","","95.19","","","","","","Haze"
"-114.78","55.29","SLAVE LAKE","3065995","2023-06-03 10:00","2023","06","03","10:00","20.9","","11.4","","54","","0.0","","11","","22","","9.7","","95.16","","","","","","Haze"
"-114.78","55.29","SLAVE LAKE","3065995","2023-06-03 11:00","2023","06","03","11:00","21.8","","10.0","","47","","0.0","","12","","22","","8.1","","95.13","","","","","","Haze"
"-114.78","55.29","SLAVE LAKE","3065995","2023-06-03 12:00","2023","06","03","12:00","22.8","","10.9","","47","","0.0","","13","","24","","8.1","","95.09","","25","","","","Haze"
"-114.78","55.29","SLAVE LAKE","3065995","2023-06-03 13:00","2023","06","03","13:00","23.5","","9.6","","41","","0.0","","12","","17","","6.4","","95.07","","25","","","","Haze"
"-114.78","55.29","SLAVE LAKE","3065995","2023-06-03 14:00","2023","06","03","14:00","24.0","","9.9","","40","","0.0","","12","","21","","6.4","","95.03","","25","","","","Haze"
"-114.78","55.29","SLAVE LAKE","3065995","2023-06-03 15:00","2023","06","03","15:00","24.3","","8.9","","37","","0.0","","11","","15","","8.1","","94.99","","25","","","","Haze"
"-114.78","55.29","SLAVE LAKE","3065995","2023-06-03 16:00","2023","06","03","16:00","24.9","","8.8","","36","","0.0","","13","","15","","9.7","","94.96","","26","","","","Haze"
"-114.78","55.29","SLAVE LAKE","3065995","2023-06-03 17:00","2023","06","03","17:00","25.1","","8.6","","35","","0.0","","14","","15","","14.5","","94.93","","26","","","","NA"
"-114.78","55.29","SLAVE LAKE","3065995","2023-06-03 18:00","2023","06","03","18:00","24.3","","9.9","","40","","0.0","","11","","22","","16.1","","94.89","","26","","","","NA"
"-114.78","55.29","SLAVE LAKE","3065995","2023-06-03 19:00","2023","06","03","19:00","22.8","","11.0","","47","","0.0","","12","","13","","16.1","","94.89","","25","","","","NA"
"-114.78","55.29","SLAVE LAKE","3065995","2023-06-03 20:00","2023","06","03","20:00","22.5","","11.2","","48","","0.0","","11","","15","","16.1","","94.88","","","","","","NA"
"-114.78","55.29","SLAVE LAKE","3065995","2023-06-03 21:00","2023","06","03","21:00","20.6","","11.8","","57","","0.0","","12","","17","","16.1","","94.85","","","","","","NA"
"-114.78","55.29","SLAVE LAKE","3065995","2023-06-03 22:00","2023","06","03","22:00","18.0","","11.5","","65","","0.0","","12","","15","","16.1","","94.85","","","","","","NA"
"-114.78","55.29","SLAVE LAKE","3065995","2023-06-03 23:00","2023","06","03","23:00","17.4","","11.9","","70","","0.0","","12","","11","","16.1","","94.86","","","","","","NA"
"-114.78","55.29","SLAVE LAKE","3065995","2023-06-04 00:00","2023","06","04","00:00","16.2","","12.2","","77","","0.0","","10","","9","","16.1","","94.86","","","","","","NA"
"-114.78","55.29","SLAVE LAKE","3065995","2023-06-04 01:00","2023","06","04","01:00","14.2","","12.1","","87","","0.0","","15","","5","","16.1","","94.86","","","","","","NA"
"-114.78","55.29","SLAVE LAKE","3065995","2023-06-04 02:00","2023","06","04","02:00","13.6","","11.8","","89","","0.0","","6","","8","","16.1","","94.85","","","","","","NA"
"-114.78","55.29","SLAVE LAKE","3065995","2023-06-04 03:00","2023","06","04","03:00","13.3","","11.9","","91","","0.0","","11","","5","","16.1","","94.82","","","","","","NA"
"-114.78","55.29","SLAVE LAKE","3065995","2023-06-04 04:00","2023","06","04","04:00","12.8","","12.8","","100","","0.0","","11","","5","","16.1","","94.74","","","","","","NA"
"-114.78","55.29","SLAVE LAKE","3065995","2023-06-04 05:00","2023","06","04","05:00","13.8","","13.8","","100","","0.0","","9","","9","","11.3","","94.73","","","","","","NA"
"-114.78","55.29","SLAVE LAKE","3065995","2023-06-04 06:00","2023","06","04","06:00","14.5","","14.3","","99","","0.0","","13","","8","","11.3","","94.71","","","","","","NA"
"-114.78","55.29","SLAVE LAKE","3065995","2023-06-04 07:00","2023","06","04","07:00","15.9","","14.4","","91","","0.0","","10","","9","","12.9","","94.70","","","","","","NA"
"-114.78","55.29","SLAVE LAKE","3065995","2023-06-04 08:00","2023","06","04","08:00","17.1","","15.2","","89","","0.0","","12","","8","","16.1","","94.69","","","","","","NA"
"-114.78","55.29","SLAVE LAKE","3065995","2023-06-04 09:00","2023","06","04","09:00","18.8","","15.6","","82","","0.0","","12","","9","","16.1","","94.67","","","","","","NA"
"-114.78","55.29","SLAVE LAKE","3065995","2023-06-04 10:00","2023","06","04","10:00","19.8","","14.9","","73","","0.0","","10","","13","","16.1","","94.62","","","","","","NA"
"-114.78","55.29","SLAVE LAKE","3065995","2023-06-04 11:00","2023","06","04","11:00","21.9","","14.6","","63","","0.0","","14","","21","","16.1","","94.59","","26","","","","NA"
"-114.78","55.29","SLAVE LAKE","3065995","2023-06-04 12:00","2023","06","04","12:00","22.1","","14.4","","61","","0.0","","8","","9","","16.1","","94.54","","26","","","","NA"
"-114.78","55.29","SLAVE LAKE","3065995","2023-06-04 13:00","2023","06","04","13:00","24.4","","14.8","","55","","0.0","","11","","21","","16.1","","94.49","","28","","","","NA"
"-114.78","55.29","SLAVE LAKE","3065995","2023-06-04 14:00","2023","06","04","14:00","25.5","","13.8","","48","","0.0","","12","","13","","16.1","","94.47","","29","","","","NA"
"-114.78","55.29","SLAVE LAKE","3065995","2023-06-04 15:00","2023","06","04","15:00","26.3","","13.6","","45","","0.0","","9","","13","","16.1","","94.45","","29","","","","NA"
"-114.78","55.29","SLAVE LAKE","3065995","2023-06-04 16:00","2023","06","04","16:00","27.1","","12.9","","41","","0.0","","12","","17","","16.1","","94.39","","30","","","","NA"
"-114.78","55.29","SLAVE LAKE","3065995","2023-06-04 17:00","2023","06","04","17:00","27.1","","12.8","","41","","0.0","","9","","15","","16.1","","94.35","","30","","","","NA"
"-114.78","55.29","SLAVE LAKE","3065995","2023-06-04 18:00","2023","06","04","18:00","27.0","","13.2","","42","","0.0","","11","","22","","16.1","","94.38","","30","","","","NA"
"-114.78","55.29","SLAVE LAKE","3065995","2023-06-04 19:00","2023","06","04","19:00","25.5","","12.9","","45","","0.0","","13","","18","","16.1","","94.39","","28","","","","NA"
"-114.78","55.29","SLAVE LAKE","3065995","2023-06-04 20:00","2023","06","04","20:00","18.6","","12.0","","65","","0.0","","26","","35","","16.1","","94.57","","","","","","NA"
"-114.78","55.29","SLAVE LAKE","3065995","2023-06-04 21:00","2023","06","04","21:00","17.5","","7.9","","53","","0.0","","28","","32","","16.1","","94.75","","","","","","NA"
"-114.78","55.29","SLAVE LAKE","3065995","2023-06-04 22:00","2023","06","04","22:00","14.9","","5.5","","53","","0.0","","26","","35","","16.1","","94.82","","","","","","NA"
"-114.78","55.29","SLAVE LAKE","3065995","2023-06-04 23:00","2023","06","04","23:00","14.3","","4.4","","51","","0.0","","27","","32","","16.1","","94.92","","","","","","NA"
"-114.78","55.29","SLAVE LAKE","3065995","2023-06-05 00:00","2023","06","05","00:00","13.8","","5.3","","56","","0.0","","28","","34","","16.1","","94.93","","","","","","NA"
"-114.78","55.29","SLAVE LAKE","3065995","2023-06-05 01:00","2023","06","05","01:00","13.1","","5.7","","61","","0.0","","28","","22","","16.1","","94.98","","","","","","NA"
"-114.78","55.29","SLAVE LAKE","3065995","2023-06-05 02:00","2023","06","05","02:00","12.0","","3.8","","57","","0.0","","26","","30","","16.1","","94.98","","","","","","NA"
"-114.78","55.29","SLAVE LAKE","3065995","2023-06-05 03:00","2023","06","05","03:00","11.2","","5.3","","67","","0.0","","26","","24","","16.1","","95.04","","","","","","NA"
"-114.78","55.29","SLAVE LAKE","3065995","2023-06-05 04:00","2023","06","05","04:00","11.4","","5.8","","68","","0.0","","25","","18","","16.1","","95.03","","","","","","Rain"
"-114.78","55.29","SLAVE LAKE","3065995","2023-06-05 05:00","2023","06","05","05:00","9.0","","7.7","","92","","2.0","","25","","17","","16.1","","94.98","","","","","","Rain"
"-114.78","55.29","SLAVE LAKE","3065995","2023-06-05 06:00","2023","06","05","06:00","9.1","","7.7","","91","","0.0","","26","","18","","16.1","","94.97","","","","","","NA"
"-114.78","55.29","SLAVE LAKE","3065995","2023-06-05 07:00","2023","06","05","07:00","9.9","","8.2","","89","","0.0","","28","","21","","16.1","","94.95","","","","","","NA"
"-114.78","55.29","SLAVE LAKE","3065995","2023-06-05 08:00","2023","06","05","08:00","11.2","","8.6","","84","","0.0","","27","","21","","16.1","","94.89","","","","","","NA"
"-114.78","55.29","SLAVE LAKE","3065995","2023-06-05 09:00","2023","06","05","09:00","10.9","","9.0","","88","","0.5","","28","","24","","16.1","","94.89","","","","","","NA"
"-114.78","55.29","SLAVE LAKE","3065995","2023-06-05 10:00","2023","06","05","10:00","10.4","","9.3","","93","","0.8","","30","","15","","16.1","","94.82","","","","","","Moderate Rain"
"-114.78","55.29","SLAVE LAKE","3065995","2023-06-05 11:00","2023","06","05","11:00","11.4","","9.7","","89","","0.8","","29","","24","","16.1","","94.77","","","","","","Rain"
"-114.78","55.29","SLAVE LAKE","3065995","2023-06-05 12:00","2023","06","05","12:00","10.4","","10.4","","100","","8.6","","28","","13","","6.4","","94.86","","","","","","Thunderstorms,Heavy Rain,Fog"
"-114.78","55.29","SLAVE LAKE","3065995","2023-06-05 13:00","2023","06","05","13:00","10.8","","10.8","","100","","5.3","","26","","18","","16.1","","94.76","","","","","","Moderate Rain"
"-114.78","55.29","SLAVE LAKE","3065995","2023-06-05 14:00","2023","06","05","14:00","11.7","","11.7","","100","","0.5","","26","","9","","16.1","","94.76","","","","","","NA"
"-114.78","55.29","SLAVE LAKE","3065995","2023-06-05 15:00","2023","06","05","15:00","12.2","","12.2","","100","","0.0","","27","","17","","16.1","","94.71","","","","","","NA"
"-114.78","55.29","SLAVE LAKE","3065995","2023-06-05 16:00","2023","06","05","16:00","12.4","","10.9","","91","","0.0","","28","","21","","16.1","","94.69","","","","","","NA"
"-114.78","55.29","SLAVE LAKE","3065995","2023-06-05 17:00","2023","06","05","17:00","11.4","","10.5","","94","","0.0","","27","","22","","16.1","","94.73","","","","","","NA"
"-114.78","55.29","SLAVE LAKE","3065995","2023-06-05 18:00","2023","06","05","18:00","11.3","","9.7","","90","","0.0","","28","","30","","16.1","","94.85","","","","","","NA"
"-114.78","55.29","SLAVE LAKE","3065995","2023-06-05 19:00","2023","06","05","19:00","11.4","","9.2","","86","","0.0","","29","","28","","16.1","","94.88","","","","","","NA"
"-114.78","55.29","SLAVE LAKE","3065995","2023-06-05 20:00","2023","06","05","20:00","11.8","","8.0","","78","","0.0","","28","","21","","16.1","","94.85","","","","","","NA"
"-114.78","55.29","SLAVE LAKE","3065995","2023-06-05 21:00","2023","06","05","21:00","10.6","","7.6","","82","","0.0","","28","","18","","16.1","","94.86","","","","","","NA"
"-114.78","55.29","SLAVE LAKE","3065995","2023-06-05 22:00","2023","06","05","22:00","8.7","","6.2","","84","","0.0","","26","","11","","16.1","","94.90","","","","","","NA"
"-114.78","55.29","SLAVE LAKE","3065995","2023-06-05 23:00","2023","06","05","23:00","8.7","","5.1","","78","","0.0","","25","","13","","16.1","","94.88","","","","","","NA"
"-114.78","55.29","SLAVE LAKE","3065995","2023-06-06 00:00","2023","06","06","00:00","8.5","","3.6","","71","","0.0","","24","","11","","16.1","","94.89","","","","","","NA"
"-114.78","55.29","SLAVE LAKE","3065995","2023-06-06 01:00","2023","06","06","01:00","7.9","","2.4","","68","","0.0","","25","","11","","16.1","","94.89","","","","","","NA"
"-114.78","55.29","SLAVE LAKE","3065995","2023-06-06 02:00","2023","06","06","02:00","7.2","","1.9","","69","","0.0","","26","","11","","16.1","","94.86","","","","","","NA"
"-114.78","55.29","SLAVE LAKE","3065995","2023-06-06 03:00","2023","06","06","03:00","6.8","","1.9","","71","","0.0","","27","","9","","16.1","","94.88","","","","","","NA"
"-114.78","55.29","SLAVE LAKE","3065995","2023-06-06 04:00","2023","06","06","04:00","5.1","","1.9","","80","","0.0","","","","0","","16.1","","94.91","","","","","","NA"
"-114.78","55.29","SLAVE LAKE","3065995","2023-06-06 05:00","2023","06","06","05:00","5.0","","2.2","","82","","0.0","","8","","5","","16.1","","94.94","","","","","","NA"
"-114.78","55.29","SLAVE LAKE","3065995","2023-06-06 06:00","2023","06","06","06:00","6.6","","3.3","","79","","0.0","","14","","5","","16.1","","94.93","","","","","","NA"
"-114.78","55.29","SLAVE LAKE","3065995","2023-06-06 07:00","2023","06","06","07:00","11.4","","2.5","","54","","0.0","","26","","11","","16.1","","94.90","","","","","","NA"
"-114.78","55.29","SLAVE LAKE","3065995","2023-06-06 08:00","2023","06","06","08:00","12.7","","2.7","","50","","0.0","","26","","17","","16.1","","94.87","","","","","","NA"
"-114.78","55.29","SLAVE LAKE","3065995","2023-06-06 09:00","2023","06","06","09:00","14.0","","2.9","","47","","0.0","","28","","17","","16.1","","94.83","","","","","","NA"
"-114.78","55.29","SLAVE LAKE","3065995","2023-06-06 10:00","2023","06","06","10:00","13.9","","5.6","","57","","0.0","","36","","15","","16.1","","94.81","","","","","","NA"
"-114.78","55.29","SLAVE LAKE","3065995","2023-06-06 11:00","2023","06","06","11:00","14.4","","5.9","","57","","0.0","","36","","8","","16.1","","94.74","","","","","","NA"
"-114.78","55.29","SLAVE LAKE","3065995","2023-06-06 12:00","2023","06","06","12:00","15.8","","6.4","","53","","0.0","","1","","11","","16.1","","94.70","","","","","","NA"
"-114.78","55.29","SLAVE LAKE","3065995","2023-06-06 13:00","2023","06","06","13:00","16.5","","6.6","","52","","0.0","","36","","11","","16.1","","94.65","","","","","","NA"
"-114.78","55.29","SLAVE LAKE","3065995","2023-06-06 14:00","2023","06","06","14:00","16.6","","7.8","","56","","0.0","","35","","8","","16.1","","94.59","","","","","","NA"
"-114.78","55.29","SLAVE LAKE","3065995","2023-06-06 15:00","2023","06","06","15:00","17.5","","7.6","","52","","0.0","","","M","8","","16.1","","94.53","","","","","","NA"
"-114.78","55.29","SLAVE LAKE","3065995","2023-06-06 16:00","2023","06","06","16:00","18.0","","8.6","","54","","0.0","","30","","8","","16.1","","94.47","","","","","","NA"
"-114.78","55.29","SLAVE LAKE","3065995","2023-06-06 17:00","2023","06","06","17:00","17.7","","9.8","","59","","0.0","","30","","9","","16.1","","94.42","","","","","","NA"
"-114.78","55.29","SLAVE LAKE","3065995","2023-06-06 18:00","2023","06","06","18:00","18.7","","5.4","","41","","0.0","","","M","4","","16.1","","94.35","","","","","","NA"
"-114.78","55.29","SLAVE LAKE","3065995","2023-06-06 19:00","2023","06","06","19:00","19.5","","4.1","","36","","0.0","","24","","5","","16.1","","94.30","","","","","","NA"
"-114.78","55.29","SLAVE LAKE","3065995","2023-06-06 20:00","2023","06","06","20:00","17.2","","4.3","","42","","0.0","","19","","5","","16.1","","94.27","","","","","","NA"
"-114.78","55.29","SLAVE LAKE","3065995","2023-06-06 21:00","2023","06","06","21:00","15.3","","7.9","","61","","0.0","","16","","5","","16.1","","94.24","","","","","","NA"
"-114.78","55.29","SLAVE LAKE","3065995","2023-06-06 22:00","2023","06","06","22:00","12.7","","7.7","","71","","0.0","","16","","4","","16.1","","94.25","","","","","","NA"
"-114.78","55.29","SLAVE LAKE","3065995","2023-06-06 23:00","2023","06","06","23:00","11.0","","7.4","","78","","0.0","","","M","4","","16.1","","94.24","","","","","","NA"
"-114.78","55.29","SLAVE LAKE","3065995","2023-06-07 00:00","2023","06","07","00:00","10.4","","7.7","","83","","0.0","","","M","4","","16.1","","94.24","","","","","","NA"
"-114.78","55.29","SLAVE LAKE","3065995","2023-06-07 01:00","2023","06","07","01:00","10.3","","6.6","","77","","0.0","","","M","5","","16.1","","94.29","","","","","","NA"
"-114.78","55.29","SLAVE LAKE","3065995","2023-06-07 02:00","2023","06","07","02:00","14.2","","4.9","","53","","0.0","","","M","4","","16.1","","94.27","","","","","","NA"
"-114.78","55.29","SLAVE LAKE","3065995","2023-06-07 03:00","2023","06","07","03:00","9.1","","5.6","","79","","0.0","","5","","8","","16.1","","94.30","","","","","","NA"
"-114.78","55.29","SLAVE LAKE","3065995","2023-06-07 04:00","2023","06","07","04:00","7.6","","5.5","","87","","0.0","","12","","8","","16.1","","94.31","","","","","","NA"
"-114.78","55.29","SLAVE LAKE","3065995","2023-06-07 05:00","2023","06","07","05:00","8.0","","5.0","","81","","0.0","","10","","4","","16.1","","94.33","","","","","","NA"
"-114.78","55.29","SLAVE LAKE","3065995","2023-06-07 06:00","2023","06","07","06:00","8.3","","5.8","","84","","0.0","","12","","5","","16.1","","94.34","","","","","","NA"
"-114.78","55.29","SLAVE LAKE","3065995","2023-06-07 07:00","2023","06","07","07:00","10.3","","7.0","","80","","0.0","","","M","4","","16.1","","94.33","","","","","","NA"
"-114.78","55.29","SLAVE LAKE","3065995","2023-06-07 08:00","2023","06","07","08:00","14.7","","8.1","","64","","0.0","","36","","5","","16.1","","94.35","","","","","","NA"
"-114.78","55.29","SLAVE LAKE","3065995","2023-06-07 09:00","2023","06","07","09:00","16.4","","5.2","","47","","0.0","","","","0","","16.1","","94.37","","","","","","NA"
"-114.78","55.29","SLAVE LAKE","3065995","2023-06-07 10:00","2023","06","07","10:00","18.1","","8.1","","52","","0.0","","35","","13","","16.1","","94.40","","","","","","NA"
"-114.78","55.29","SLAVE LAKE","3065995","2023-06-07 11:00","2023","06","07","11:00","19.1","","3.9","","36","","0.0","","31","","13","","16.1","","94.40","","","","","","NA"
"-114.78","55.29","SLAVE LAKE","3065995","2023-06-07 12:00","2023","06","07","12:00","19.7","","7.0","","43","","0.0","","33","","11","","16.1","","94.40","","","","","","NA"
"-114.78","55.29","SLAVE LAKE","3065995","2023-06-07 13:00","2023","06","07","13:00","19.6","","8.4","","48","","0.0","","33","","11","","16.1","","94.38","","","","","","NA"
"-114.78","55.29","SLAVE LAKE","3065995","2023-06-07 14:00","2023","06","07","14:00","19.6","","10.1","","54","","0.0","","36","","13","","16.1","","94.38","","","","","","NA"
"-114.78","55.29","SLAVE LAKE","3065995","2023-06-07 15:00","2023","06","07","15:00","20.3","","8.2","","45","","0.0","","34","","11","","16.1","","94.38","","","","","","NA"
"-114.78","55.29","SLAVE LAKE","3065995","2023-06-07 16:00","2023","06","07","16:00","21.7","","3.2","","29","","0.0","","30","","17","","16.1","","94.40","","","","","","NA"
"-114.78","55.29","SLAVE LAKE","3065995","2023-06-07 17:00","2023","06","07","17:00","21.6","","6.4","","37","","0.0","","30","","17","","16.1","","94.38","","","","","","NA"
"-114.78","55.29","SLAVE LAKE","3065995","2023-06-07 18:00","2023","06","07","18:00","21.4","","5.8","","36","","0.0","","30","","17","","14.5","","94.39","","","","","","NA"
"-114.78","55.29","SLAVE LAKE","3065995","2023-06-07 19:00","2023","06","07","19:00","21.3","","5.3","","35","","0.0","","26","","9","","9.7","","94.39","","","","","","Haze"
"-114.78","55.29","SLAVE LAKE","3065995","2023-06-07 20:00","2023","06","07","20:00","19.5","","9.2","","51","","0.0","","","","0","","8.1","","94.43","","","","","","Haze"
"-114.78","55.29","SLAVE LAKE","3065995","2023-06-07 21:00","2023","06","07","21:00","16.8","","9.5","","62","","0.0","","33","","5","","11.3","","94.48","","","","","","NA"
"-114.78","55.29","SLAVE LAKE","3065995","2023-06-07 22:00","2023","06","07","22:00","14.0","","8.5","","69","","0.0","","","","0","","11.3","","94.55","","","","","","NA"
"-114.78","55.29","SLAVE LAKE","3065995","2023-06-07 23:00","2023","06","07","23:00","11.9","","7.3","","73","","0.0","","","M","4","","11.3","","94.61","","","","","","NA"
"-114.78","55.29","SLAVE LAKE","3065995","2023-06-08 00:00","2023","06","08","00:00","11.7","","6.5","","70","","0.0","","17","","9","","11.3","","94.72","","","","","","NA"
"-114.78","55.29","SLAVE LAKE","3065995","2023-06-08 01:00","2023","06","08","01:00","11.0","","6.0","","71","","0.0","","","","0","","12.9","","94.78","","","","","","NA"
"-114.78","55.29","SLAVE LAKE","3065995","2023-06-08 02:00","2023","06","08","02:00","9.0","","5.4","","78","","0.0","","14","","4","","12.9","","94.85","","","","","","NA"
"-114.78","55.29","SLAVE LAKE","3065995","2023-06-08 03:00","2023","06","08","03:00","8.3","","5.3","","81","","0.0","","14","","5","","12.9","","94.88","","","","","","NA"
"-114.78","55.29","SLAVE LAKE","3065995","2023-06-08 04:00","2023","06","08","04:00","7.0","","5.0","","87","","0.0","","","","0","","14.5","","94.90","","","","","","NA"
"-114.78","55.29","SLAVE LAKE","3065995","2023-06-08 05:00","2023","06","08","05:00","7.2","","4.7","","84","","0.0","","9","","5","","14.5","","94.94","","","","","","NA"
"-114.78","55.29","SLAVE LAKE","3065995","2023-06-08 06:00","2023","06","08","06:00","8.9","","5.3","","78","","0.0","","13","","5","","11.3","","94.95","","","","","","NA"
"-114.78","55.29","SLAVE LAKE","3065995","2023-06-08 07:00","2023","06","08","07:00","12.0","","7.5","","74","","0.0","","12","","5","","9.7","","94.96","","","","","","Haze"
"-114.78","55.29","SLAVE LAKE","3065995","2023-06-08 08:00","2023","06","08","08:00","15.4","","7.8","","60","","0.0","","14","","8","","9.7","","95.02","","","","","","Haze"
"-114.78","55.29","SLAVE LAKE","3065995","2023-06-08 09:00","2023","06","08","09:00","17.6","","8.6","","55","","0.0","","11","","11","","9.7","","95.06","","","","","","Haze"
"-114.78","55.29","SLAVE LAKE","3065995","2023-06-08 10:00","2023","06","08","10:00","20.1","","5.6","","38","","0.0","","9","","11","","8.1","","95.07","","","","","","Haze"
"-114.78","55.29","SLAVE LAKE","3065995","2023-06-08 11:00","2023","06","08","11:00","21.7","","5.9","","35","","0.0","","10","","13","","8.1","","95.07","","","","","","Haze"
"-114.78","55.29","SLAVE LAKE","3065995","2023-06-08 12:00","2023","06","08","12:00","23.2","","6.0","","33","","0.0","","10","","11","","8.1","","95.03","","","","","","Haze"
"-114.78","55.29","SLAVE LAKE","3065995","2023-06-08 13:00","2023","06","08","13:00","24.1","","6.4","","32","","0.0","","8","","15","","11.3","","95.02","","","","","","NA"
"-114.78","55.29","SLAVE LAKE","3065995","2023-06-08 14:00","2023","06","08","14:00","24.7","","9.0","","36","","0.0","","11","","15","","12.9","","94.97","","26","","","","NA"
"-114.78","55.29","SLAVE LAKE","3065995","2023-06-08 15:00","2023","06","08","15:00","25.5","","8.4","","33","","0.0","","13","","15","","12.9","","94.94","","26","","","","NA"
"-114.78","55.29","SLAVE LAKE","3065995","2023-06-08 16:00","2023","06","08","16:00","25.3","","8.3","","34","","0.0","","13","","21","","16.1","","94.91","","26","","","","NA"
"-114.78","55.29","SLAVE LAKE","3065995","2023-06-08 17:00","2023","06","08","17:00","25.3","","8.0","","33","","0.0","","10","","18","","16.1","","94.88","","26","","","","NA"
"-114.78","55.29","SLAVE LAKE","3065995","2023-06-08 18:00","2023","06","08","18:00","24.8","","7.2","","32","","0.0","","12","","22","","16.1","","94.87","","25","","","","NA"
"-114.78","55.29","SLAVE LAKE","3065995","2023-06-08 19:00","2023","06","08","19:00","23.6","","7.5","","35","","0.0","","11","","17","","12.9","","94.88","","","","","","NA"
"-114.78","55.29","SLAVE LAKE","3065995","2023-06-08 20:00","2023","06","08","20:00","21.5","","8.6","","43","","0.0","","11","","13","","14.5","","94.90","","","","","","NA"
"-114.78","55.29","SLAVE LAKE","3065995","2023-06-08 21:00","2023","06","08","21:00","18.6","","10.0","","57","","0.0","","11","","11","","16.1","","94.94","","","","","","NA"
"-114.78","55.29","SLAVE LAKE","3065995","2023-06-08 22:00","2023","06","08","22:00","17.0","","10.0","","63","","0.0","","13","","8","","16.1","","94.98","","","","","","NA"
"-114.78","55.29","SLAVE LAKE","3065995","2023-06-08 23:00","2023","06","08","23:00","16.1","","8.7","","61","","0.0","","11","","8","","16.1","","94.98","","","","","","NA"
"-114.78","55.29","SLAVE LAKE","3065995","2023-06-09 00:00","2023","06","09","00:00","13.5","","9.2","","75","","0.0","","11","","9","","14.5","","94.98","","","","","","NA"
"-114.78","55.29","SLAVE LAKE","3065995","2023-06-09 01:00","2023","06","09","01:00","13.3","","8.6","","73","","0.0","","11","","11","","12.9","","95.00","","","","","","NA"
"-114.78","55.29","SLAVE LAKE","3065995","2023-06-09 02:00","2023","06","09","02:00","12.4","","8.3","","76","","0.0","","11","","9","","14.5","","94.98","","","","","","NA"
"-114.78","55.29","SLAVE LAKE","3065995","2023-06-09 03:00","2023","06","09","03:00","12.2","","8.3","","77","","0.0","","12","","15","","16.1","","95.00","","","","","","NA"
"-114.78","55.29","SLAVE LAKE","3065995","2023-06-09 04:00","2023","06","09","04:00","11.3","","8.0","","80","","0.0","","13","","13","","16.1","","94.99","","","","","","NA"
"-114.78","55.29","SLAVE LAKE","3065995","2023-06-09 05:00","2023","06","09","05:00","10.6","","8.0","","84","","0.0","","12","","15","","16.1","","95.01","","","","","","NA"
"-114.78","55.29","SLAVE LAKE","3065995","2023-06-09 06:00","2023","06","09","06:00","12.4","","8.6","","78","","0.0","","10","","13","","16.1","","95.00","","","","","","NA"
"-114.78","55.29","SLAVE LAKE","3065995","2023-06-09 07:00","2023","06","09","07:00","14.8","","9.3","","69","","0.0","","10","","15","","16.1","","94.97","","","","","","NA"
"-114.78","55.29","SLAVE LAKE","3065995","2023-06-09 08:00","2023","06","09","08:00","16.9","","9.9","","63","","0.0","","10","","17","","16.1","","94.96","","","","","","NA"
"-114.78","55.29","SLAVE LAKE","3065995","2023-06-09 09:00","2023","06","09","09:00","19.5","","10.8","","57","","0.0","","11","","24","","16.1","","94.94","","","","","","NA"
"-114.78","55.29","SLAVE LAKE","3065995","2023-06-09 10:00","2023","06","09","10:00","21.2","","11.3","","53","","0.0","","10","","24","","14.5","","94.89","","","","","","NA"
"-114.78","55.29","SLAVE LAKE","3065995","2023-06-09 11:00","2023","06","09","11:00","23.2","","11.6","","48","","0.0","","11","","30","","16.1","","94.85","","25","","","","NA"
"-114.78","55.29","SLAVE LAKE","3065995","2023-06-09 12:00","2023","06","09","12:00","24.8","","10.6","","40","","0.0","","10","","30","","12.9","","94.80","","26","","","","NA"
"-114.78","55.29","SLAVE LAKE","3065995","2023-06-09 13:00","2023","06","09","13:00","26.2","","11.8","","40","","0.0","","10","","30","","14.5","","94.75","","28","","","","NA"
"-114.78","55.29","SLAVE LAKE","3065995","2023-06-09 14:00","2023","06","09","14:00","26.6","","12.4","","41","","0.0","","10","","28","","12.9","","94.70","","29","","","","NA"
"-114.78","55.29","SLAVE LAKE","3065995","2023-06-09 15:00","2023","06","09","15:00","27.7","","12.4","","38","","0.0","","11","","26","","12.9","","94.65","","30","","","","NA"
"-114.78","55.29","SLAVE LAKE","3065995","2023-06-09 16:00","2023","06","09","16:00","28.5","","12.3","","36","","0.0","","11","","30","","12.9","","94.59","","31","","","","NA"
"-114.78","55.29","SLAVE LAKE","3065995","2023-06-09 17:00","2023","06","09","17:00","28.5","","11.8","","35","","0.0","","11","","28","","16.1","","94.55","","31","","","","NA"
"-114.78","55.29","SLAVE LAKE","3065995","2023-06-09 18:00","2023","06","09","18:00","27.2","","12.8","","40","","0.0","","11","","24","","14.5","","94.50","","30","","","","NA"
"-114.78","55.29","SLAVE LAKE","3065995","2023-06-09 19:00","2023","06","09","19:00","26.2","","13.0","","43","","0.0","","10","","21","","14.5","","94.48","","29","","","","NA"
"-114.78","55.29","SLAVE LAKE","3065995","2023-06-09 20:00","2023","06","09","20:00","24.1","","13.2","","50","","0.0","","9","","17","","16.1","","94.50","","27","","","","NA"
"-114.78","55.29","SLAVE LAKE","3065995","2023-06-09 21:00","2023","06","09","21:00","21.9","","12.6","","55","","0.0","","9","","13","","16.1","","94.51","","","","","","NA"
"-114.78","55.29","SLAVE LAKE","3065995","2023-06-09 22:00","2023","06","09","22:00","20.1","","12.2","","60","","0.0","","11","","15","","16.1","","94.52","","","","","","NA"
"-114.78","55.29","SLAVE LAKE","3065995","2023-06-09 23:00","2023","06","09","23:00","19.2","","11.7","","61","","0.0","","9","","21","","16.1","","94.52","","","","","","NA"
"-114.78","55.29","SLAVE LAKE","3065995","2023-06-10 00:00","2023","06","10","00:00","17.1","","11.4","","69","","0.0","","8","","9","","16.1","","94.51","","","","","","NA"
"-114.78","55.29","SLAVE LAKE","3065995","2023-06-10 01:00","2023","06","10","01:00","15.9","","10.9","","72","","0.0","","7","","5","","16.1","","94.50","","","","","","NA"
"-114.78","55.29","SLAVE LAKE","3065995","2023-06-10 02:00","2023","06","10","02:00","15.6","","10.8","","73","","0.0","","8","","13","","16.1","","94.48","","","","","","NA"
"-114.78","55.29","SLAVE LAKE","3065995","2023-06-10 03:00","2023","06","10","03:00","14.8","","10.7","","76","","0.0","","7","","8","","16.1","","94.45","","","","","","NA"
"-114.78","55.29","SLAVE LAKE","3065995","2023-06-10 04:00","2023","06","10","04:00","14.4","","10.3","","76","","0.0","","7","","15","","14.5","","94.40","","","","","","NA"
"-114.78","55.29","SLAVE LAKE","3065995","2023-06-10 05:00","2023","06","10","05:00","13.5","","10.0","","79","","0.0","","8","","15","","14.5","","94.39","","","","","","NA"
"-114.78","55.29","SLAVE LAKE","3065995","2023-06-10 06:00","2023","06","10","06:00","15.0","","10.3","","73","","0.0","","7","","11","","12.9","","94.38","","","","","","NA"
"-114.78","55.29","SLAVE LAKE","3065995","2023-06-10 07:00","2023","06","10","07:00","17.2","","10.7","","65","","0.0","","9","","13","","16.1","","94.36","","","","","","NA"
"-114.78","55.29","SLAVE LAKE","3065995","2023-06-10 08:00","2023","06","10","08:00","19.2","","10.2","","56","","0.0","","15","","13","","14.5","","94.34","","","","","","NA"
"-114.78","55.29","SLAVE LAKE","3065995","2023-06-10 09:00","2023","06","10","09:00","20.9","","11.5","","54","","0.0","","13","","15","","14.5","","94.31","","","","","","NA"
"-114.78","55.29","SLAVE LAKE","3065995","2023-06-10 10:00","2023","06","10","10:00","24.0","","11.6","","45","","0.0","","13","","26","","14.5","","94.26","","26","","","","NA"
"-114.78","55.29","SLAVE LAKE","3065995","2023-06-10 11:00","2023","06","10","11:00","25.0","","12.2","","44","","0.0","","14","","32","","14.5","","94.22","","27","","","","NA"
"-114.78","55.29","SLAVE LAKE","3065995","2023-06-10 12:00","2023","06","10","12:00","26.2","","12.3","","42","","0.0","","13","","32","","11.3","","94.19","","29","","","","NA"
"-114.78","55.29","SLAVE LAKE","3065995","2023-06-10 13:00","2023","06","10","13:00","27.9","","10.0","","32","","0.0","","12","","35","","11.3","","94.15","","29","","","","NA"
"-114.78","55.29","SLAVE LAKE","3065995","2023-06-10 14:00","2023","06","10","14:00","28.8","","8.8","","28","","0.0","","13","","30","","11.3","","94.13","","30","","","","NA"
"-114.78","55.29","SLAVE LAKE","3065995","2023-06-10 15:00","2023","06","10","15:00","29.3","","8.7","","27","","0.0","","16","","22","","11.3","","94.11","","30","","","","NA"
"-114.78","55.29","SLAVE LAKE","3065995","2023-06-10 16:00","2023","06","10","16:00","29.5","","9.0","","27","","0.0","","15","","28","","11.3","","94.08","","30","","","","NA"
"-114.78","55.29","SLAVE LAKE","3065995","2023-06-10 17:00","2023","06","10","17:00","29.4","","9.2","","28","","0.0","","15","","30","","12.9","","94.05","","30","","","","NA"
"-114.78","55.29","SLAVE LAKE","3065995","2023-06-10 18:00","2023","06","10","18:00","28.1","","11.0","","34","","0.0","","12","","26","","12.9","","94.03","","30","","","","NA"
"-114.78","55.29","SLAVE LAKE","3065995","2023-06-10 19:00","2023","06","10","19:00","27.1","","10.5","","35","","0.0","","12","","26","","12.9","","94.01","","29","","","","NA"
"-114.78","55.29","SLAVE LAKE","3065995","2023-06-10 20:00","2023","06","10","20:00","25.5","","10.3","","38","","0.0","","13","","17","","14.5","","94.04","","27","","","","NA"
"-114.78","55.29","SLAVE LAKE","3065995","2023-06-10 21:00","2023","06","10","21:00","22.5","","11.4","","49","","0.0","","12","","13","","14.5","","94.05","","","","","","NA"
"-114.78","55.29","SLAVE LAKE","3065995","2023-06-10 22:00","2023","06","10","22:00","21.0","","13.6","","62","","0.0","","26","","5","","11.3","","94.12","","","","","","NA"
"-114.78","55.29","SLAVE LAKE","3065995","2023-06-10 23:00","2023","06","10","23:00","21.1","","14.6","","66","","0.0","","26","","35","","2.8","","94.21","","25","","","","Haze"
"-114.78","55.29","SLAVE LAKE","3065995","2023-06-11 00:00","2023","06","11","00:00"
"-114.78","55.29","SLAVE LAKE","3065995","2023-06-11 01:00","2023","06","11","01:00"
"-114.78","55.29","SLAVE LAKE","3065995","2023-06-11 02:00","2023","06","11","02:00"
"-114.78","55.29","SLAVE LAKE","3065995","2023-06-11 03:00","2023","06","11","03:00"
"-114.78","55.29","SLAVE LAKE","3065995","2023-06-11 04:00","2023","06","11","04:00"
"-114.78","55.29","SLAVE LAKE","3065995","2023-06-11 05:00","2023","06","11","05:00"
"-114.78","55.29","SLAVE LAKE","3065995","2023-06-11 06:00","2023","06","11","06:00"
"-114.78","55.29","SLAVE LAKE","3065995","2023-06-11 07:00","2023","06","11","07:00"
"-114.78","55.29","SLAVE LAKE","3065995","2023-06-11 08:00","2023","06","11","08:00"
"-114.78","55.29","SLAVE LAKE","3065995","2023-06-11 09:00","2023","06","11","09:00"
"-114.78","55.29","SLAVE LAKE","3065995","2023-06-11 10:00","2023","06","11","10:00"
"-114.78","55.29","SLAVE LAKE","3065995","2023-06-11 11:00","2023","06","11","11:00"
"-114.78","55.29","SLAVE LAKE","3065995","2023-06-11 12:00","2023","06","11","12:00"
"-114.78","55.29","SLAVE LAKE","3065995","2023-06-11 13:00","2023","06","11","13:00"
"-114.78","55.29","SLAVE LAKE","3065995","2023-06-11 14:00","2023","06","11","14:00"
"-114.78","55.29","SLAVE LAKE","3065995","2023-06-11 15:00","2023","06","11","15:00"
"-114.78","55.29","SLAVE LAKE","3065995","2023-06-11 16:00","2023","06","11","16:00"
"-114.78","55.29","SLAVE LAKE","3065995","2023-06-11 17:00","2023","06","11","17:00"
"-114.78","55.29","SLAVE LAKE","3065995","2023-06-11 18:00","2023","06","11","18:00"
"-114.78","55.29","SLAVE LAKE","3065995","2023-06-11 19:00","2023","06","11","19:00"
"-114.78","55.29","SLAVE LAKE","3065995","2023-06-11 20:00","2023","06","11","20:00"
"-114.78","55.29","SLAVE LAKE","3065995","2023-06-11 21:00","2023","06","11","21:00"
"-114.78","55.29","SLAVE LAKE","3065995","2023-06-11 22:00","2023","06","11","22:00"
"-114.78","55.29","SLAVE LAKE","3065995","2023-06-11 23:00","2023","06","11","23:00"
"-114.78","55.29","SLAVE LAKE","3065995","2023-06-12 00:00","2023","06","12","00:00"
"-114.78","55.29","SLAVE LAKE","3065995","2023-06-12 01:00","2023","06","12","01:00"
"-114.78","55.29","SLAVE LAKE","3065995","2023-06-12 02:00","2023","06","12","02:00"
"-114.78","55.29","SLAVE LAKE","3065995","2023-06-12 03:00","2023","06","12","03:00"
"-114.78","55.29","SLAVE LAKE","3065995","2023-06-12 04:00","2023","06","12","04:00"
"-114.78","55.29","SLAVE LAKE","3065995","2023-06-12 05:00","2023","06","12","05:00"
"-114.78","55.29","SLAVE LAKE","3065995","2023-06-12 06:00","2023","06","12","06:00"
"-114.78","55.29","SLAVE LAKE","3065995","2023-06-12 07:00","2023","06","12","07:00"
"-114.78","55.29","SLAVE LAKE","3065995","2023-06-12 08:00","2023","06","12","08:00"
"-114.78","55.29","SLAVE LAKE","3065995","2023-06-12 09:00","2023","06","12","09:00"
"-114.78","55.29","SLAVE LAKE","3065995","2023-06-12 10:00","2023","06","12","10:00"
"-114.78","55.29","SLAVE LAKE","3065995","2023-06-12 11:00","2023","06","12","11:00"
"-114.78","55.29","SLAVE LAKE","3065995","2023-06-12 12:00","2023","06","12","12:00"
"-114.78","55.29","SLAVE LAKE","3065995","2023-06-12 13:00","2023","06","12","13:00"
"-114.78","55.29","SLAVE LAKE","3065995","2023-06-12 14:00","2023","06","12","14:00"
"-114.78","55.29","SLAVE LAKE","3065995","2023-06-12 15:00","2023","06","12","15:00"
"-114.78","55.29","SLAVE LAKE","3065995","2023-06-12 16:00","2023","06","12","16:00"
"-114.78","55.29","SLAVE LAKE","3065995","2023-06-12 17:00","2023","06","12","17:00"
"-114.78","55.29","SLAVE LAKE","3065995","2023-06-12 18:00","2023","06","12","18:00"
"-114.78","55.29","SLAVE LAKE","3065995","2023-06-12 19:00","2023","06","12","19:00"
"-114.78","55.29","SLAVE LAKE","3065995","2023-06-12 20:00","2023","06","12","20:00"
"-114.78","55.29","SLAVE LAKE","3065995","2023-06-12 21:00","2023","06","12","21:00"
"-114.78","55.29","SLAVE LAKE","3065995","2023-06-12 22:00","2023","06","12","22:00"
"-114.78","55.29","SLAVE LAKE","3065995","2023-06-12 23:00","2023","06","12","23:00"
"-114.78","55.29","SLAVE LAKE","3065995","2023-06-13 00:00","2023","06","13","00:00"
"-114.78","55.29","SLAVE LAKE","3065995","2023-06-13 01:00","2023","06","13","01:00"
"-114.78","55.29","SLAVE LAKE","3065995","2023-06-13 02:00","2023","06","13","02:00"
"-114.78","55.29","SLAVE LAKE","3065995","2023-06-13 03:00","2023","06","13","03:00"
"-114.78","55.29","SLAVE LAKE","3065995","2023-06-13 04:00","2023","06","13","04:00"
"-114.78","55.29","SLAVE LAKE","3065995","2023-06-13 05:00","2023","06","13","05:00"
"-114.78","55.29","SLAVE LAKE","3065995","2023-06-13 06:00","2023","06","13","06:00"
"-114.78","55.29","SLAVE LAKE","3065995","2023-06-13 07:00","2023","06","13","07:00"
"-114.78","55.29","SLAVE LAKE","3065995","2023-06-13 08:00","2023","06","13","08:00"
"-114.78","55.29","SLAVE LAKE","3065995","2023-06-13 09:00","2023","06","13","09:00"
"-114.78","55.29","SLAVE LAKE","3065995","2023-06-13 10:00","2023","06","13","10:00"
"-114.78","55.29","SLAVE LAKE","3065995","2023-06-13 11:00","2023","06","13","11:00"
"-114.78","55.29","SLAVE LAKE","3065995","2023-06-13 12:00","2023","06","13","12:00"
"-114.78","55.29","SLAVE LAKE","3065995","2023-06-13 13:00","2023","06","13","13:00"
"-114.78","55.29","SLAVE LAKE","3065995","2023-06-13 14:00","2023","06","13","14:00"
"-114.78","55.29","SLAVE LAKE","3065995","2023-06-13 15:00","2023","06","13","15:00"
"-114.78","55.29","SLAVE LAKE","3065995","2023-06-13 16:00","2023","06","13","16:00"
"-114.78","55.29","SLAVE LAKE","3065995","2023-06-13 17:00","2023","06","13","17:00"
"-114.78","55.29","SLAVE LAKE","3065995","2023-06-13 18:00","2023","06","13","18:00"
"-114.78","55.29","SLAVE LAKE","3065995","2023-06-13 19:00","2023","06","13","19:00"
"-114.78","55.29","SLAVE LAKE","3065995","2023-06-13 20:00","2023","06","13","20:00"
"-114.78","55.29","SLAVE LAKE","3065995","2023-06-13 21:00","2023","06","13","21:00"
"-114.78","55.29","SLAVE LAKE","3065995","2023-06-13 22:00","2023","06","13","22:00"
"-114.78","55.29","SLAVE LAKE","3065995","2023-06-13 23:00","2023","06","13","23:00"
"-114.78","55.29","SLAVE LAKE","3065995","2023-06-14 00:00","2023","06","14","00:00"
"-114.78","55.29","SLAVE LAKE","3065995","2023-06-14 01:00","2023","06","14","01:00"
"-114.78","55.29","SLAVE LAKE","3065995","2023-06-14 02:00","2023","06","14","02:00"
"-114.78","55.29","SLAVE LAKE","3065995","2023-06-14 03:00","2023","06","14","03:00"
"-114.78","55.29","SLAVE LAKE","3065995","2023-06-14 04:00","2023","06","14","04:00"
"-114.78","55.29","SLAVE LAKE","3065995","2023-06-14 05:00","2023","06","14","05:00"
"-114.78","55.29","SLAVE LAKE","3065995","2023-06-14 06:00","2023","06","14","06:00"
"-114.78","55.29","SLAVE LAKE","3065995","2023-06-14 07:00","2023","06","14","07:00"
"-114.78","55.29","SLAVE LAKE","3065995","2023-06-14 08:00","2023","06","14","08:00"
"-114.78","55.29","SLAVE LAKE","3065995","2023-06-14 09:00","2023","06","14","09:00"
"-114.78","55.29","SLAVE LAKE","3065995","2023-06-14 10:00","2023","06","14","10:00"
"-114.78","55.29","SLAVE LAKE","3065995","2023-06-14 11:00","2023","06","14","11:00"
"-114.78","55.29","SLAVE LAKE","3065995","2023-06-14 12:00","2023","06","14","12:00"
"-114.78","55.29","SLAVE LAKE","3065995","2023-06-14 13:00","2023","06","14","13:00"
"-114.78","55.29","SLAVE LAKE","3065995","2023-06-14 14:00","2023","06","14","14:00"
"-114.78","55.29","SLAVE LAKE","3065995","2023-06-14 15:00","2023","06","14","15:00"
"-114.78","55.29","SLAVE LAKE","3065995","2023-06-14 16:00","2023","06","14","16:00"
"-114.78","55.29","SLAVE LAKE","3065995","2023-06-14 17:00","2023","06","14","17:00"
"-114.78","55.29","SLAVE LAKE","3065995","2023-06-14 18:00","2023","06","14","18:00"
"-114.78","55.29","SLAVE LAKE","3065995","2023-06-14 19:00","2023","06","14","19:00"
"-114.78","55.29","SLAVE LAKE","3065995","2023-06-14 20:00","2023","06","14","20:00"
"-114.78","55.29","SLAVE LAKE","3065995","2023-06-14 21:00","2023","06","14","21:00"
"-114.78","55.29","SLAVE LAKE","3065995","2023-06-14 22:00","2023","06","14","22:00"
"-114.78","55.29","SLAVE LAKE","3065995","2023-06-14 23:00","2023","06","14","23:00"
"-114.78","55.29","SLAVE LAKE","3065995","2023-06-15 00:00","2023","06","15","00:00"
"-114.78","55.29","SLAVE LAKE","3065995","2023-06-15 01:00","2023","06","15","01:00"
"-114.78","55.29","SLAVE LAKE","3065995","2023-06-15 02:00","2023","06","15","02:00"
"-114.78","55.29","SLAVE LAKE","3065995","2023-06-15 03:00","2023","06","15","03:00"
"-114.78","55.29","SLAVE LAKE","3065995","2023-06-15 04:00","2023","06","15","04:00"
"-114.78","55.29","SLAVE LAKE","3065995","2023-06-15 05:00","2023","06","15","05:00"
"-114.78","55.29","SLAVE LAKE","3065995","2023-06-15 06:00","2023","06","15","06:00"
"-114.78","55.29","SLAVE LAKE","3065995","2023-06-15 07:00","2023","06","15","07:00"
"-114.78","55.29","SLAVE LAKE","3065995","2023-06-15 08:00","2023","06","15","08:00"
"-114.78","55.29","SLAVE LAKE","3065995","2023-06-15 09:00","2023","06","15","09:00"
"-114.78","55.29","SLAVE LAKE","3065995","2023-06-15 10:00","2023","06","15","10:00"
"-114.78","55.29","SLAVE LAKE","3065995","2023-06-15 11:00","2023","06","15","11:00"
"-114.78","55.29","SLAVE LAKE","3065995","2023-06-15 12:00","2023","06","15","12:00"
"-114.78","55.29","SLAVE LAKE","3065995","2023-06-15 13:00","2023","06","15","13:00"
"-114.78","55.29","SLAVE LAKE","3065995","2023-06-15 14:00","2023","06","15","14:00"
"-114.78","55.29","SLAVE LAKE","3065995","2023-06-15 15:00","2023","06","15","15:00"
"-114.78","55.29","SLAVE LAKE","3065995","2023-06-15 16:00","2023","06","15","16:00"
"-114.78","55.29","SLAVE LAKE","3065995","2023-06-15 17:00","2023","06","15","17:00"
"-114.78","55.29","SLAVE LAKE","3065995","2023-06-15 18:00","2023","06","15","18:00"
"-114.78","55.29","SLAVE LAKE","3065995","2023-06-15 19:00","2023","06","15","19:00"
"-114.78","55.29","SLAVE LAKE","3065995","2023-06-15 20:00","2023","06","15","20:00"
"-114.78","55.29","SLAVE LAKE","3065995","2023-06-15 21:00","2023","06","15","21:00"
"-114.78","55.29","SLAVE LAKE","3065995","2023-06-15 22:00","2023","06","15","22:00"
"-114.78","55.29","SLAVE LAKE","3065995","2023-06-15 23:00","2023","06","15","23:00"
"-114.78","55.29","SLAVE LAKE","3065995","2023-06-16 00:00","2023","06","16","00:00"
"-114.78","55.29","SLAVE LAKE","3065995","2023-06-16 01:00","2023","06","16","01:00"
"-114.78","55.29","SLAVE LAKE","3065995","2023-06-16 02:00","2023","06","16","02:00"
"-114.78","55.29","SLAVE LAKE","3065995","2023-06-16 03:00","2023","06","16","03:00"
"-114.78","55.29","SLAVE LAKE","3065995","2023-06-16 04:00","2023","06","16","04:00"
"-114.78","55.29","SLAVE LAKE","3065995","2023-06-16 05:00","2023","06","16","05:00"
"-114.78","55.29","SLAVE LAKE","3065995","2023-06-16 06:00","2023","06","16","06:00"
"-114.78","55.29","SLAVE LAKE","3065995","2023-06-16 07:00","2023","06","16","07:00"
"-114.78","55.29","SLAVE LAKE","3065995","2023-06-16 08:00","2023","06","16","08:00"
"-114.78","55.29","SLAVE LAKE","3065995","2023-06-16 09:00","2023","06","16","09:00"
"-114.78","55.29","SLAVE LAKE","3065995","2023-06-16 10:00","2023","06","16","10:00"
"-114.78","55.29","SLAVE LAKE","3065995","2023-06-16 11:00","2023","06","16","11:00"
"-114.78","55.29","SLAVE LAKE","3065995","2023-06-16 12:00","2023","06","16","12:00"
"-114.78","55.29","SLAVE LAKE","3065995","2023-06-16 13:00","2023","06","16","13:00"
"-114.78","55.29","SLAVE LAKE","3065995","2023-06-16 14:00","2023","06","16","14:00"
"-114.78","55.29","SLAVE LAKE","3065995","2023-06-16 15:00","2023","06","16","15:00"
"-114.78","55.29","SLAVE LAKE","3065995","2023-06-16 16:00","2023","06","16","16:00"
"-114.78","55.29","SLAVE LAKE","3065995","2023-06-16 17:00","2023","06","16","17:00"
"-114.78","55.29","SLAVE LAKE","3065995","2023-06-16 18:00","2023","06","16","18:00"
"-114.78","55.29","SLAVE LAKE","3065995","2023-06-16 19:00","2023","06","16","19:00"
"-114.78","55.29","SLAVE LAKE","3065995","2023-06-16 20:00","2023","06","16","20:00"
"-114.78","55.29","SLAVE LAKE","3065995","2023-06-16 21:00","2023","06","16","21:00"
"-114.78","55.29","SLAVE LAKE","3065995","2023-06-16 22:00","2023","06","16","22:00"
"-114.78","55.29","SLAVE LAKE","3065995","2023-06-16 23:00","2023","06","16","23:00"
"-114.78","55.29","SLAVE LAKE","3065995","2023-06-17 00:00","2023","06","17","00:00"
"-114.78","55.29","SLAVE LAKE","3065995","2023-06-17 01:00","2023","06","17","01:00"
"-114.78","55.29","SLAVE LAKE","3065995","2023-06-17 02:00","2023","06","17","02:00"
"-114.78","55.29","SLAVE LAKE","3065995","2023-06-17 03:00","2023","06","17","03:00"
"-114.78","55.29","SLAVE LAKE","3065995","2023-06-17 04:00","2023","06","17","04:00"
"-114.78","55.29","SLAVE LAKE","3065995","2023-06-17 05:00","2023","06","17","05:00"
"-114.78","55.29","SLAVE LAKE","3065995","2023-06-17 06:00","2023","06","17","06:00"
"-114.78","55.29","SLAVE LAKE","3065995","2023-06-17 07:00","2023","06","17","07:00"
"-114.78","55.29","SLAVE LAKE","3065995","2023-06-17 08:00","2023","06","17","08:00"
"-114.78","55.29","SLAVE LAKE","3065995","2023-06-17 09:00","2023","06","17","09:00"
"-114.78","55.29","SLAVE LAKE","3065995","2023-06-17 10:00","2023","06","17","10:00"
"-114.78","55.29","SLAVE LAKE","3065995","2023-06-17 11:00","2023","06","17","11:00"
"-114.78","55.29","SLAVE LAKE","3065995","2023-06-17 12:00","2023","06","17","12:00"
"-114.78","55.29","SLAVE LAKE","3065995","2023-06-17 13:00","2023","06","17","13:00"
"-114.78","55.29","SLAVE LAKE","3065995","2023-06-17 14:00","2023","06","17","14:00"
"-114.78","55.29","SLAVE LAKE","3065995","2023-06-17 15:00","2023","06","17","15:00"
"-114.78","55.29","SLAVE LAKE","3065995","2023-06-17 16:00","2023","06","17","16:00"
"-114.78","55.29","SLAVE LAKE","3065995","2023-06-17 17:00","2023","06","17","17:00"
"-114.78","55.29","SLAVE LAKE","3065995","2023-06-17 18:00","2023","06","17","18:00"
"-114.78","55.29","SLAVE LAKE","3065995","2023-06-17 19:00","2023","06","17","19:00"
"-114.78","55.29","SLAVE LAKE","3065995","2023-06-17 20:00","2023","06","17","20:00"
"-114.78","55.29","SLAVE LAKE","3065995","2023-06-17 21:00","2023","06","17","21:00"
"-114.78","55.29","SLAVE LAKE","3065995","2023-06-17 22:00","2023","06","17","22:00"
"-114.78","55.29","SLAVE LAKE","3065995","2023-06-17 23:00","2023","06","17","23:00"
"-114.78","55.29","SLAVE LAKE","3065995","2023-06-18 00:00","2023","06","18","00:00"
"-114.78","55.29","SLAVE LAKE","3065995","2023-06-18 01:00","2023","06","18","01:00"
"-114.78","55.29","SLAVE LAKE","3065995","2023-06-18 02:00","2023","06","18","02:00"
"-114.78","55.29","SLAVE LAKE","3065995","2023-06-18 03:00","2023","06","18","03:00"
"-114.78","55.29","SLAVE LAKE","3065995","2023-06-18 04:00","2023","06","18","04:00"
"-114.78","55.29","SLAVE LAKE","3065995","2023-06-18 05:00","2023","06","18","05:00"
"-114.78","55.29","SLAVE LAKE","3065995","2023-06-18 06:00","2023","06","18","06:00"
"-114.78","55.29","SLAVE LAKE","3065995","2023-06-18 07:00","2023","06","18","07:00"
"-114.78","55.29","SLAVE LAKE","3065995","2023-06-18 08:00","2023","06","18","08:00"
"-114.78","55.29","SLAVE LAKE","3065995","2023-06-18 09:00","2023","06","18","09:00"
"-114.78","55.29","SLAVE LAKE","3065995","2023-06-18 10:00","2023","06","18","10:00"
"-114.78","55.29","SLAVE LAKE","3065995","2023-06-18 11:00","2023","06","18","11:00"
"-114.78","55.29","SLAVE LAKE","3065995","2023-06-18 12:00","2023","06","18","12:00"
"-114.78","55.29","SLAVE LAKE","3065995","2023-06-18 13:00","2023","06","18","13:00"
"-114.78","55.29","SLAVE LAKE","3065995","2023-06-18 14:00","2023","06","18","14:00"
"-114.78","55.29","SLAVE LAKE","3065995","2023-06-18 15:00","2023","06","18","15:00"
"-114.78","55.29","SLAVE LAKE","3065995","2023-06-18 16:00","2023","06","18","16:00"
"-114.78","55.29","SLAVE LAKE","3065995","2023-06-18 17:00","2023","06","18","17:00"
"-114.78","55.29","SLAVE LAKE","3065995","2023-06-18 18:00","2023","06","18","18:00"
"-114.78","55.29","SLAVE LAKE","3065995","2023-06-18 19:00","2023","06","18","19:00"
"-114.78","55.29","SLAVE LAKE","3065995","2023-06-18 20:00","2023","06","18","20:00"
"-114.78","55.29","SLAVE LAKE","3065995","2023-06-18 21:00","2023","06","18","21:00"
"-114.78","55.29","SLAVE LAKE","3065995","2023-06-18 22:00","2023","06","18","22:00"
"-114.78","55.29","SLAVE LAKE","3065995","2023-06-18 23:00","2023","06","18","23:00"
"-114.78","55.29","SLAVE LAKE","3065995","2023-06-19 00:00","2023","06","19","00:00"
"-114.78","55.29","SLAVE LAKE","3065995","2023-06-19 01:00","2023","06","19","01:00"
"-114.78","55.29","SLAVE LAKE","3065995","2023-06-19 02:00","2023","06","19","02:00"
"-114.78","55.29","SLAVE LAKE","3065995","2023-06-19 03:00","2023","06","19","03:00"
"-114.78","55.29","SLAVE LAKE","3065995","2023-06-19 04:00","2023","06","19","04:00"
"-114.78","55.29","SLAVE LAKE","3065995","2023-06-19 05:00","2023","06","19","05:00"
"-114.78","55.29","SLAVE LAKE","3065995","2023-06-19 06:00","2023","06","19","06:00"
"-114.78","55.29","SLAVE LAKE","3065995","2023-06-19 07:00","2023","06","19","07:00"
"-114.78","55.29","SLAVE LAKE","3065995","2023-06-19 08:00","2023","06","19","08:00"
"-114.78","55.29","SLAVE LAKE","3065995","2023-06-19 09:00","2023","06","19","09:00"
"-114.78","55.29","SLAVE LAKE","3065995","2023-06-19 10:00","2023","06","19","10:00"
"-114.78","55.29","SLAVE LAKE","3065995","2023-06-19 11:00","2023","06","19","11:00"
"-114.78","55.29","SLAVE LAKE","3065995","2023-06-19 12:00","2023","06","19","12:00"
"-114.78","55.29","SLAVE LAKE","3065995","2023-06-19 13:00","2023","06","19","13:00"
"-114.78","55.29","SLAVE LAKE","3065995","2023-06-19 14:00","2023","06","19","14:00"
"-114.78","55.29","SLAVE LAKE","3065995","2023-06-19 15:00","2023","06","19","15:00"
"-114.78","55.29","SLAVE LAKE","3065995","2023-06-19 16:00","2023","06","19","16:00"
"-114.78","55.29","SLAVE LAKE","3065995","2023-06-19 17:00","2023","06","19","17:00"
"-114.78","55.29","SLAVE LAKE","3065995","2023-06-19 18:00","2023","06","19","18:00"
"-114.78","55.29","SLAVE LAKE","3065995","2023-06-19 19:00","2023","06","19","19:00"
"-114.78","55.29","SLAVE LAKE","3065995","2023-06-19 20:00","2023","06","19","20:00"
"-114.78","55.29","SLAVE LAKE","3065995","2023-06-19 21:00","2023","06","19","21:00"
"-114.78","55.29","SLAVE LAKE","3065995","2023-06-19 22:00","2023","06","19","22:00"
"-114.78","55.29","SLAVE LAKE","3065995","2023-06-19 23:00","2023","06","19","23:00"
"-114.78","55.29","SLAVE LAKE","3065995","2023-06-20 00:00","2023","06","20","00:00"
"-114.78","55.29","SLAVE LAKE","3065995","2023-06-20 01:00","2023","06","20","01:00"
"-114.78","55.29","SLAVE LAKE","3065995","2023-06-20 02:00","2023","06","20","02:00"
"-114.78","55.29","SLAVE LAKE","3065995","2023-06-20 03:00","2023","06","20","03:00"
"-114.78","55.29","SLAVE LAKE","3065995","2023-06-20 04:00","2023","06","20","04:00"
"-114.78","55.29","SLAVE LAKE","3065995","2023-06-20 05:00","2023","06","20","05:00"
"-114.78","55.29","SLAVE LAKE","3065995","2023-06-20 06:00","2023","06","20","06:00"
"-114.78","55.29","SLAVE LAKE","3065995","2023-06-20 07:00","2023","06","20","07:00"
"-114.78","55.29","SLAVE LAKE","3065995","2023-06-20 08:00","2023","06","20","08:00"
"-114.78","55.29","SLAVE LAKE","3065995","2023-06-20 09:00","2023","06","20","09:00"
"-114.78","55.29","SLAVE LAKE","3065995","2023-06-20 10:00","2023","06","20","10:00"
"-114.78","55.29","SLAVE LAKE","3065995","2023-06-20 11:00","2023","06","20","11:00"
"-114.78","55.29","SLAVE LAKE","3065995","2023-06-20 12:00","2023","06","20","12:00"
"-114.78","55.29","SLAVE LAKE","3065995","2023-06-20 13:00","2023","06","20","13:00"
"-114.78","55.29","SLAVE LAKE","3065995","2023-06-20 14:00","2023","06","20","14:00"
"-114.78","55.29","SLAVE LAKE","3065995","2023-06-20 15:00","2023","06","20","15:00"
"-114.78","55.29","SLAVE LAKE","3065995","2023-06-20 16:00","2023","06","20","16:00"
"-114.78","55.29","SLAVE LAKE","3065995","2023-06-20 17:00","2023","06","20","17:00"
"-114.78","55.29","SLAVE LAKE","3065995","2023-06-20 18:00","2023","06","20","18:00"
"-114.78","55.29","SLAVE LAKE","3065995","2023-06-20 19:00","2023","06","20","19:00"
"-114.78","55.29","SLAVE LAKE","3065995","2023-06-20 20:00","2023","06","20","20:00"
"-114.78","55.29","SLAVE LAKE","3065995","2023-06-20 21:00","2023","06","20","21:00"
"-114.78","55.29","SLAVE LAKE","3065995","2023-06-20 22:00","2023","06","20","22:00"
"-114.78","55.29","SLAVE LAKE","3065995","2023-06-20 23:00","2023","06","20","23:00"
"-114.78","55.29","SLAVE LAKE","3065995","2023-06-21 00:00","2023","06","21","00:00"
"-114.78","55.29","SLAVE LAKE","3065995","2023-06-21 01:00","2023","06","21","01:00"
"-114.78","55.29","SLAVE LAKE","3065995","2023-06-21 02:00","2023","06","21","02:00"
"-114.78","55.29","SLAVE LAKE","3065995","2023-06-21 03:00","2023","06","21","03:00"
"-114.78","55.29","SLAVE LAKE","3065995","2023-06-21 04:00","2023","06","21","04:00"
"-114.78","55.29","SLAVE LAKE","3065995","2023-06-21 05:00","2023","06","21","05:00"
"-114.78","55.29","SLAVE LAKE","3065995","2023-06-21 06:00","2023","06","21","06:00"
"-114.78","55.29","SLAVE LAKE","3065995","2023-06-21 07:00","2023","06","21","07:00"
"-114.78","55.29","SLAVE LAKE","3065995","2023-06-21 08:00","2023","06","21","08:00"
"-114.78","55.29","SLAVE LAKE","3065995","2023-06-21 09:00","2023","06","21","09:00"
"-114.78","55.29","SLAVE LAKE","3065995","2023-06-21 10:00","2023","06","21","10:00"
"-114.78","55.29","SLAVE LAKE","3065995","2023-06-21 11:00","2023","06","21","11:00"
"-114.78","55.29","SLAVE LAKE","3065995","2023-06-21 12:00","2023","06","21","12:00"
"-114.78","55.29","SLAVE LAKE","3065995","2023-06-21 13:00","2023","06","21","13:00"
"-114.78","55.29","SLAVE LAKE","3065995","2023-06-21 14:00","2023","06","21","14:00"
"-114.78","55.29","SLAVE LAKE","3065995","2023-06-21 15:00","2023","06","21","15:00"
"-114.78","55.29","SLAVE LAKE","3065995","2023-06-21 16:00","2023","06","21","16:00"
"-114.78","55.29","SLAVE LAKE","3065995","2023-06-21 17:00","2023","06","21","17:00"
"-114.78","55.29","SLAVE LAKE","3065995","2023-06-21 18:00","2023","06","21","18:00"
"-114.78","55.29","SLAVE LAKE","3065995","2023-06-21 19:00","2023","06","21","19:00"
"-114.78","55.29","SLAVE LAKE","3065995","2023-06-21 20:00","2023","06","21","20:00"
"-114.78","55.29","SLAVE LAKE","3065995","2023-06-21 21:00","2023","06","21","21:00"
"-114.78","55.29","SLAVE LAKE","3065995","2023-06-21 22:00","2023","06","21","22:00"
"-114.78","55.29","SLAVE LAKE","3065995","2023-06-21 23:00","2023","06","21","23:00"
"-114.78","55.29","SLAVE LAKE","3065995","2023-06-22 00:00","2023","06","22","00:00"
"-114.78","55.29","SLAVE LAKE","3065995","2023-06-22 01:00","2023","06","22","01:00"
"-114.78","55.29","SLAVE LAKE","3065995","2023-06-22 02:00","2023","06","22","02:00"
"-114.78","55.29","SLAVE LAKE","3065995","2023-06-22 03:00","2023","06","22","03:00"
"-114.78","55.29","SLAVE LAKE","3065995","2023-06-22 04:00","2023","06","22","04:00"
"-114.78","55.29","SLAVE LAKE","3065995","2023-06-22 05:00","2023","06","22","05:00"
"-114.78","55.29","SLAVE LAKE","3065995","2023-06-22 06:00","2023","06","22","06:00"
"-114.78","55.29","SLAVE LAKE","3065995","2023-06-22 07:00","2023","06","22","07:00"
"-114.78","55.29","SLAVE LAKE","3065995","2023-06-22 08:00","2023","06","22","08:00"
"-114.78","55.29","SLAVE LAKE","3065995","2023-06-22 09:00","2023","06","22","09:00"
"-114.78","55.29","SLAVE LAKE","3065995","2023-06-22 10:00","2023","06","22","10:00"
"-114.78","55.29","SLAVE LAKE","3065995","2023-06-22 11:00","2023","06","22","11:00"
"-114.78","55.29","SLAVE LAKE","3065995","2023-06-22 12:00","2023","06","22","12:00"
"-114.78","55.29","SLAVE LAKE","3065995","2023-06-22 13:00","2023","06","22","13:00"
"-114.78","55.29","SLAVE LAKE","3065995","2023-06-22 14:00","2023","06","22","14:00"
"-114.78","55.29","SLAVE LAKE","3065995","2023-06-22 15:00","2023","06","22","15:00"
"-114.78","55.29","SLAVE LAKE","3065995","2023-06-22 16:00","2023","06","22","16:00"
"-114.78","55.29","SLAVE LAKE","3065995","2023-06-22 17:00","2023","06","22","17:00"
"-114.78","55.29","SLAVE LAKE","3065995","2023-06-22 18:00","2023","06","22","18:00"
"-114.78","55.29","SLAVE LAKE","3065995","2023-06-22 19:00","2023","06","22","19:00"
"-114.78","55.29","SLAVE LAKE","3065995","2023-06-22 20:00","2023","06","22","20:00"
"-114.78","55.29","SLAVE LAKE","3065995","2023-06-22 21:00","2023","06","22","21:00"
"-114.78","55.29","SLAVE LAKE","3065995","2023-06-22 22:00","2023","06","22","22:00"
"-114.78","55.29","SLAVE LAKE","3065995","2023-06-22 23:00","2023","06","22","23:00"
"-114.78","55.29","SLAVE LAKE","3065995","2023-06-23 00:00","2023","06","23","00:00"
"-114.78","55.29","SLAVE LAKE","3065995","2023-06-23 01:00","2023","06","23","01:00"
"-114.78","55.29","SLAVE LAKE","3065995","2023-06-23 02:00","2023","06","23","02:00"
"-114.78","55.29","SLAVE LAKE","3065995","2023-06-23 03:00","2023","06","23","03:00"
"-114.78","55.29","SLAVE LAKE","3065995","2023-06-23 04:00","2023","06","23","04:00"
"-114.78","55.29","SLAVE LAKE","3065995","2023-06-23 05:00","2023","06","23","05:00"
"-114.78","55.29","SLAVE LAKE","3065995","2023-06-23 06:00","2023","06","23","06:00"
"-114.78","55.29","SLAVE LAKE","3065995","2023-06-23 07:00","2023","06","23","07:00"
"-114.78","55.29","SLAVE LAKE","3065995","2023-06-23 08:00","2023","06","23","08:00"
"-114.78","55.29","SLAVE LAKE","3065995","2023-06-23 09:00","2023","06","23","09:00"
"-114.78","55.29","SLAVE LAKE","3065995","2023-06-23 10:00","2023","06","23","10:00"
"-114.78","55.29","SLAVE LAKE","3065995","2023-06-23 11:00","2023","06","23","11:00"
"-114.78","55.29","SLAVE LAKE","3065995","2023-06-23 12:00","2023","06","23","12:00"
"-114.78","55.29","SLAVE LAKE","3065995","2023-06-23 13:00","2023","06","23","13:00"
"-114.78","55.29","SLAVE LAKE","3065995","2023-06-23 14:00","2023","06","23","14:00"
"-114.78","55.29","SLAVE LAKE","3065995","2023-06-23 15:00","2023","06","23","15:00"
"-114.78","55.29","SLAVE LAKE","3065995","2023-06-23 16:00","2023","06","23","16:00"
"-114.78","55.29","SLAVE LAKE","3065995","2023-06-23 17:00","2023","06","23","17:00"
"-114.78","55.29","SLAVE LAKE","3065995","2023-06-23 18:00","2023","06","23","18:00"
"-114.78","55.29","SLAVE LAKE","3065995","2023-06-23 19:00","2023","06","23","19:00"
"-114.78","55.29","SLAVE LAKE","3065995","2023-06-23 20:00","2023","06","23","20:00"
"-114.78","55.29","SLAVE LAKE","3065995","2023-06-23 21:00","2023","06","23","21:00"
"-114.78","55.29","SLAVE LAKE","3065995","2023-06-23 22:00","2023","06","23","22:00"
"-114.78","55.29","SLAVE LAKE","3065995","2023-06-23 23:00","2023","06","23","23:00"
"-114.78","55.29","SLAVE LAKE","3065995","2023-06-24 00:00","2023","06","24","00:00"
"-114.78","55.29","SLAVE LAKE","3065995","2023-06-24 01:00","2023","06","24","01:00"
"-114.78","55.29","SLAVE LAKE","3065995","2023-06-24 02:00","2023","06","24","02:00"
"-114.78","55.29","SLAVE LAKE","3065995","2023-06-24 03:00","2023","06","24","03:00"
"-114.78","55.29","SLAVE LAKE","3065995","2023-06-24 04:00","2023","06","24","04:00"
"-114.78","55.29","SLAVE LAKE","3065995","2023-06-24 05:00","2023","06","24","05:00"
"-114.78","55.29","SLAVE LAKE","3065995","2023-06-24 06:00","2023","06","24","06:00"
"-114.78","55.29","SLAVE LAKE","3065995","2023-06-24 07:00","2023","06","24","07:00"
"-114.78","55.29","SLAVE LAKE","3065995","2023-06-24 08:00","2023","06","24","08:00"
"-114.78","55.29","SLAVE LAKE","3065995","2023-06-24 09:00","2023","06","24","09:00"
"-114.78","55.29","SLAVE LAKE","3065995","2023-06-24 10:00","2023","06","24","10:00"
"-114.78","55.29","SLAVE LAKE","3065995","2023-06-24 11:00","2023","06","24","11:00"
"-114.78","55.29","SLAVE LAKE","3065995","2023-06-24 12:00","2023","06","24","12:00"
"-114.78","55.29","SLAVE LAKE","3065995","2023-06-24 13:00","2023","06","24","13:00"
"-114.78","55.29","SLAVE LAKE","3065995","2023-06-24 14:00","2023","06","24","14:00"
"-114.78","55.29","SLAVE LAKE","3065995","2023-06-24 15:00","2023","06","24","15:00"
"-114.78","55.29","SLAVE LAKE","3065995","2023-06-24 16:00","2023","06","24","16:00"
"-114.78","55.29","SLAVE LAKE","3065995","2023-06-24 17:00","2023","06","24","17:00"
"-114.78","55.29","SLAVE LAKE","3065995","2023-06-24 18:00","2023","06","24","18:00"
"-114.78","55.29","SLAVE LAKE","3065995","2023-06-24 19:00","2023","06","24","19:00"
"-114.78","55.29","SLAVE LAKE","3065995","2023-06-24 20:00","2023","06","24","20:00"
"-114.78","55.29","SLAVE LAKE","3065995","2023-06-24 21:00","2023","06","24","21:00"
"-114.78","55.29","SLAVE LAKE","3065995","2023-06-24 22:00","2023","06","24","22:00"
"-114.78","55.29","SLAVE LAKE","3065995","2023-06-24 23:00","2023","06","24","23:00"
"-114.78","55.29","SLAVE LAKE","3065995","2023-06-25 00:00","2023","06","25","00:00"
"-114.78","55.29","SLAVE LAKE","3065995","2023-06-25 01:00","2023","06","25","01:00"
"-114.78","55.29","SLAVE LAKE","3065995","2023-06-25 02:00","2023","06","25","02:00"
"-114.78","55.29","SLAVE LAKE","3065995","2023-06-25 03:00","2023","06","25","03:00"
"-114.78","55.29","SLAVE LAKE","3065995","2023-06-25 04:00","2023","06","25","04:00"
"-114.78","55.29","SLAVE LAKE","3065995","2023-06-25 05:00","2023","06","25","05:00"
"-114.78","55.29","SLAVE LAKE","3065995","2023-06-25 06:00","2023","06","25","06:00"
"-114.78","55.29","SLAVE LAKE","3065995","2023-06-25 07:00","2023","06","25","07:00"
"-114.78","55.29","SLAVE LAKE","3065995","2023-06-25 08:00","2023","06","25","08:00"
"-114.78","55.29","SLAVE LAKE","3065995","2023-06-25 09:00","2023","06","25","09:00"
"-114.78","55.29","SLAVE LAKE","3065995","2023-06-25 10:00","2023","06","25","10:00"
"-114.78","55.29","SLAVE LAKE","3065995","2023-06-25 11:00","2023","06","25","11:00"
"-114.78","55.29","SLAVE LAKE","3065995","2023-06-25 12:00","2023","06","25","12:00"
"-114.78","55.29","SLAVE LAKE","3065995","2023-06-25 13:00","2023","06","25","13:00"
"-114.78","55.29","SLAVE LAKE","3065995","2023-06-25 14:00","2023","06","25","14:00"
"-114.78","55.29","SLAVE LAKE","3065995","2023-06-25 15:00","2023","06","25","15:00"
"-114.78","55.29","SLAVE LAKE","3065995","2023-06-25 16:00","2023","06","25","16:00"
"-114.78","55.29","SLAVE LAKE","3065995","2023-06-25 17:00","2023","06","25","17:00"
"-114.78","55.29","SLAVE LAKE","3065995","2023-06-25 18:00","2023","06","25","18:00"
"-114.78","55.29","SLAVE LAKE","3065995","2023-06-25 19:00","2023","06","25","19:00"
"-114.78","55.29","SLAVE LAKE","3065995","2023-06-25 20:00","2023","06","25","20:00"
"-114.78","55.29","SLAVE LAKE","3065995","2023-06-25 21:00","2023","06","25","21:00"
"-114.78","55.29","SLAVE LAKE","3065995","2023-06-25 22:00","2023","06","25","22:00"
"-114.78","55.29","SLAVE LAKE","3065995","2023-06-25 23:00","2023","06","25","23:00"
"-114.78","55.29","SLAVE LAKE","3065995","2023-06-26 00:00","2023","06","26","00:00"
"-114.78","55.29","SLAVE LAKE","3065995","2023-06-26 01:00","2023","06","26","01:00"
"-114.78","55.29","SLAVE LAKE","3065995","2023-06-26 02:00","2023","06","26","02:00"
"-114.78","55.29","SLAVE LAKE","3065995","2023-06-26 03:00","2023","06","26","03:00"
"-114.78","55.29","SLAVE LAKE","3065995","2023-06-26 04:00","2023","06","26","04:00"
"-114.78","55.29","SLAVE LAKE","3065995","2023-06-26 05:00","2023","06","26","05:00"
"-114.78","55.29","SLAVE LAKE","3065995","2023-06-26 06:00","2023","06","26","06:00"
"-114.78","55.29","SLAVE LAKE","3065995","2023-06-26 07:00","2023","06","26","07:00"
"-114.78","55.29","SLAVE LAKE","3065995","2023-06-26 08:00","2023","06","26","08:00"
"-114.78","55.29","SLAVE LAKE","3065995","2023-06-26 09:00","2023","06","26","09:00"
"-114.78","55.29","SLAVE LAKE","3065995","2023-06-26 10:00","2023","06","26","10:00"
"-114.78","55.29","SLAVE LAKE","3065995","2023-06-26 11:00","2023","06","26","11:00"
"-114.78","55.29","SLAVE LAKE","3065995","2023-06-26 12:00","2023","06","26","12:00"
"-114.78","55.29","SLAVE LAKE","3065995","2023-06-26 13:00","2023","06","26","13:00"
"-114.78","55.29","SLAVE LAKE","3065995","2023-06-26 14:00","2023","06","26","14:00"
"-114.78","55.29","SLAVE LAKE","3065995","2023-06-26 15:00","2023","06","26","15:00"
"-114.78","55.29","SLAVE LAKE","3065995","2023-06-26 16:00","2023","06","26","16:00"
"-114.78","55.29","SLAVE LAKE","3065995","2023-06-26 17:00","2023","06","26","17:00"
"-114.78","55.29","SLAVE LAKE","3065995","2023-06-26 18:00","2023","06","26","18:00"
"-114.78","55.29","SLAVE LAKE","3065995","2023-06-26 19:00","2023","06","26","19:00"
"-114.78","55.29","SLAVE LAKE","3065995","2023-06-26 20:00","2023","06","26","20:00"
"-114.78","55.29","SLAVE LAKE","3065995","2023-06-26 21:00","2023","06","26","21:00"
"-114.78","55.29","SLAVE LAKE","3065995","2023-06-26 22:00","2023","06","26","22:00"
"-114.78","55.29","SLAVE LAKE","3065995","2023-06-26 23:00","2023","06","26","23:00"
"-114.78","55.29","SLAVE LAKE","3065995","2023-06-27 00:00","2023","06","27","00:00"
"-114.78","55.29","SLAVE LAKE","3065995","2023-06-27 01:00","2023","06","27","01:00"
"-114.78","55.29","SLAVE LAKE","3065995","2023-06-27 02:00","2023","06","27","02:00"
"-114.78","55.29","SLAVE LAKE","3065995","2023-06-27 03:00","2023","06","27","03:00"
"-114.78","55.29","SLAVE LAKE","3065995","2023-06-27 04:00","2023","06","27","04:00"
"-114.78","55.29","SLAVE LAKE","3065995","2023-06-27 05:00","2023","06","27","05:00"
"-114.78","55.29","SLAVE LAKE","3065995","2023-06-27 06:00","2023","06","27","06:00"
"-114.78","55.29","SLAVE LAKE","3065995","2023-06-27 07:00","2023","06","27","07:00"
"-114.78","55.29","SLAVE LAKE","3065995","2023-06-27 08:00","2023","06","27","08:00"
"-114.78","55.29","SLAVE LAKE","3065995","2023-06-27 09:00","2023","06","27","09:00"
"-114.78","55.29","SLAVE LAKE","3065995","2023-06-27 10:00","2023","06","27","10:00"
"-114.78","55.29","SLAVE LAKE","3065995","2023-06-27 11:00","2023","06","27","11:00"
"-114.78","55.29","SLAVE LAKE","3065995","2023-06-27 12:00","2023","06","27","12:00"
"-114.78","55.29","SLAVE LAKE","3065995","2023-06-27 13:00","2023","06","27","13:00"
"-114.78","55.29","SLAVE LAKE","3065995","2023-06-27 14:00","2023","06","27","14:00"
"-114.78","55.29","SLAVE LAKE","3065995","2023-06-27 15:00","2023","06","27","15:00"
"-114.78","55.29","SLAVE LAKE","3065995","2023-06-27 16:00","2023","06","27","16:00"
"-114.78","55.29","SLAVE LAKE","3065995","2023-06-27 17:00","2023","06","27","17:00"
"-114.78","55.29","SLAVE LAKE","3065995","2023-06-27 18:00","2023","06","27","18:00"
"-114.78","55.29","SLAVE LAKE","3065995","2023-06-27 19:00","2023","06","27","19:00"
"-114.78","55.29","SLAVE LAKE","3065995","2023-06-27 20:00","2023","06","27","20:00"
"-114.78","55.29","SLAVE LAKE","3065995","2023-06-27 21:00","2023","06","27","21:00"
"-114.78","55.29","SLAVE LAKE","3065995","2023-06-27 22:00","2023","06","27","22:00"
"-114.78","55.29","SLAVE LAKE","3065995","2023-06-27 23:00","2023","06","27","23:00"
"-114.78","55.29","SLAVE LAKE","3065995","2023-06-28 00:00","2023","06","28","00:00"
"-114.78","55.29","SLAVE LAKE","3065995","2023-06-28 01:00","2023","06","28","01:00"
"-114.78","55.29","SLAVE LAKE","3065995","2023-06-28 02:00","2023","06","28","02:00"
"-114.78","55.29","SLAVE LAKE","3065995","2023-06-28 03:00","2023","06","28","03:00"
"-114.78","55.29","SLAVE LAKE","3065995","2023-06-28 04:00","2023","06","28","04:00"
"-114.78","55.29","SLAVE LAKE","3065995","2023-06-28 05:00","2023","06","28","05:00"
"-114.78","55.29","SLAVE LAKE","3065995","2023-06-28 06:00","2023","06","28","06:00"
"-114.78","55.29","SLAVE LAKE","3065995","2023-06-28 07:00","2023","06","28","07:00"
"-114.78","55.29","SLAVE LAKE","3065995","2023-06-28 08:00","2023","06","28","08:00"
"-114.78","55.29","SLAVE LAKE","3065995","2023-06-28 09:00","2023","06","28","09:00"
"-114.78","55.29","SLAVE LAKE","3065995","2023-06-28 10:00","2023","06","28","10:00"
"-114.78","55.29","SLAVE LAKE","3065995","2023-06-28 11:00","2023","06","28","11:00"
"-114.78","55.29","SLAVE LAKE","3065995","2023-06-28 12:00","2023","06","28","12:00"
"-114.78","55.29","SLAVE LAKE","3065995","2023-06-28 13:00","2023","06","28","13:00"
"-114.78","55.29","SLAVE LAKE","3065995","2023-06-28 14:00","2023","06","28","14:00"
"-114.78","55.29","SLAVE LAKE","3065995","2023-06-28 15:00","2023","06","28","15:00"
"-114.78","55.29","SLAVE LAKE","3065995","2023-06-28 16:00","2023","06","28","16:00"
"-114.78","55.29","SLAVE LAKE","3065995","2023-06-28 17:00","2023","06","28","17:00"
"-114.78","55.29","SLAVE LAKE","3065995","2023-06-28 18:00","2023","06","28","18:00"
"-114.78","55.29","SLAVE LAKE","3065995","2023-06-28 19:00","2023","06","28","19:00"
"-114.78","55.29","SLAVE LAKE","3065995","2023-06-28 20:00","2023","06","28","20:00"
"-114.78","55.29","SLAVE LAKE","3065995","2023-06-28 21:00","2023","06","28","21:00"
"-114.78","55.29","SLAVE LAKE","3065995","2023-06-28 22:00","2023","06","28","22:00"
"-114.78","55.29","SLAVE LAKE","3065995","2023-06-28 23:00","2023","06","28","23:00"
"-114.78","55.29","SLAVE LAKE","3065995","2023-06-29 00:00","2023","06","29","00:00"
"-114.78","55.29","SLAVE LAKE","3065995","2023-06-29 01:00","2023","06","29","01:00"
"-114.78","55.29","SLAVE LAKE","3065995","2023-06-29 02:00","2023","06","29","02:00"
"-114.78","55.29","SLAVE LAKE","3065995","2023-06-29 03:00","2023","06","29","03:00"
"-114.78","55.29","SLAVE LAKE","3065995","2023-06-29 04:00","2023","06","29","04:00"
"-114.78","55.29","SLAVE LAKE","3065995","2023-06-29 05:00","2023","06","29","05:00"
"-114.78","55.29","SLAVE LAKE","3065995","2023-06-29 06:00","2023","06","29","06:00"
"-114.78","55.29","SLAVE LAKE","3065995","2023-06-29 07:00","2023","06","29","07:00"
"-114.78","55.29","SLAVE LAKE","3065995","2023-06-29 08:00","2023","06","29","08:00"
"-114.78","55.29","SLAVE LAKE","3065995","2023-06-29 09:00","2023","06","29","09:00"
"-114.78","55.29","SLAVE LAKE","3065995","2023-06-29 10:00","2023","06","29","10:00"
"-114.78","55.29","SLAVE LAKE","3065995","2023-06-29 11:00","2023","06","29","11:00"
"-114.78","55.29","SLAVE LAKE","3065995","2023-06-29 12:00","2023","06","29","12:00"
"-114.78","55.29","SLAVE LAKE","3065995","2023-06-29 13:00","2023","06","29","13:00"
"-114.78","55.29","SLAVE LAKE","3065995","2023-06-29 14:00","2023","06","29","14:00"
"-114.78","55.29","SLAVE LAKE","3065995","2023-06-29 15:00","2023","06","29","15:00"
"-114.78","55.29","SLAVE LAKE","3065995","2023-06-29 16:00","2023","06","29","16:00"
"-114.78","55.29","SLAVE LAKE","3065995","2023-06-29 17:00","2023","06","29","17:00"
"-114.78","55.29","SLAVE LAKE","3065995","2023-06-29 18:00","2023","06","29","18:00"
"-114.78","55.29","SLAVE LAKE","3065995","2023-06-29 19:00","2023","06","29","19:00"
"-114.78","55.29","SLAVE LAKE","3065995","2023-06-29 20:00","2023","06","29","20:00"
"-114.78","55.29","SLAVE LAKE","3065995","2023-06-29 21:00","2023","06","29","21:00"
"-114.78","55.29","SLAVE LAKE","3065995","2023-06-29 22:00","2023","06","29","22:00"
"-114.78","55.29","SLAVE LAKE","3065995","2023-06-29 23:00","2023","06","29","23:00"
"-114.78","55.29","SLAVE LAKE","3065995","2023-06-30 00:00","2023","06","30","00:00"
"-114.78","55.29","SLAVE LAKE","3065995","2023-06-30 01:00","2023","06","30","01:00"
"-114.78","55.29","SLAVE LAKE","3065995","2023-06-30 02:00","2023","06","30","02:00"
"-114.78","55.29","SLAVE LAKE","3065995","2023-06-30 03:00","2023","06","30","03:00"
"-114.78","55.29","SLAVE LAKE","3065995","2023-06-30 04:00","2023","06","30","04:00"
"-114.78","55.29","SLAVE LAKE","3065995","2023-06-30 05:00","2023","06","30","05:00"
"-114.78","55.29","SLAVE LAKE","3065995","2023-06-30 06:00","2023","06","30","06:00"
"-114.78","55.29","SLAVE LAKE","3065995","2023-06-30 07:00","2023","06","30","07:00"
"-114.78","55.29","SLAVE LAKE","3065995","2023-06-30 08:00","2023","06","30","08:00"
"-114.78","55.29","SLAVE LAKE","3065995","2023-06-30 09:00","2023","06","30","09:00"
"-114.78","55.29","SLAVE LAKE","3065995","2023-06-30 10:00","2023","06","30","10:00"
"-114.78","55.29","SLAVE LAKE","3065995","2023-06-30 11:00","2023","06","30","11:00"
"-114.78","55.29","SLAVE LAKE","3065995","2023-06-30 12:00","2023","06","30","12:00"
"-114.78","55.29","SLAVE LAKE","3065995","2023-06-30 13:00","2023","06","30","13:00"
"-114.78","55.29","SLAVE LAKE","3065995","2023-06-30 14:00","2023","06","30","14:00"
"-114.78","55.29","SLAVE LAKE","3065995","2023-06-30 15:00","2023","06","30","15:00"
"-114.78","55.29","SLAVE LAKE","3065995","2023-06-30 16:00","2023","06","30","16:00"
"-114.78","55.29","SLAVE LAKE","3065995","2023-06-30 17:00","2023","06","30","17:00"
"-114.78","55.29","SLAVE LAKE","3065995","2023-06-30 18:00","2023","06","30","18:00"
"-114.78","55.29","SLAVE LAKE","3065995","2023-06-30 19:00","2023","06","30","19:00"
"-114.78","55.29","SLAVE LAKE","3065995","2023-06-30 20:00","2023","06","30","20:00"
"-114.78","55.29","SLAVE LAKE","3065995","2023-06-30 21:00","2023","06","30","21:00"
"-114.78","55.29","SLAVE LAKE","3065995","2023-06-30 22:00","2023","06","30","22:00"
"-114.78","55.29","SLAVE LAKE","3065995","2023-06-30 23:00","2023","06","30","23:00"
